Date,Depth,Temp,Salinity
2023-04-25 06:00:00,5,6.29,33.03
2023-04-25 06:00:00,10,6.20,33.13
2023-04-25 06:00:00,15,5.86,33.44
2023-04-25 06:00:00,20,5.80,33.49
2023-04-26 04:00:00,5,6.39,33.24
2023-04-26 04:00:00,10,6.39,33.24
2023-04-26 04:00:00,15,6.38,33.24
2023-04-26 04:00:00,20,6.38,33.25
2023-04-28 04:00:00,5,6.74,33.47
2023-04-28 04:00:00,10,6.74,33.47
2023-04-28 04:00:00,15,6.75,33.47
2023-04-28 04:00:00,20,6.75,33.47
2023-05-01 04:00:00,5,7.07,33.34
2023-05-01 04:00:00,10,7.08,33.34
2023-05-01 04:00:00,15,7.08,33.34
2023-05-01 04:00:00,20,7.08,33.33
2023-05-02 04:00:00,5,7.43,33.20
2023-05-02 04:00:00,10,7.43,33.21
2023-05-02 04:00:00,15,7.43,33.21
2023-05-02 04:00:00,20,7.43,33.20
2023-05-07 04:00:00,5,7.89,33.45
2023-05-07 04:00:00,10,7.88,33.47
2023-05-07 04:00:00,15,7.85,33.50
2023-05-07 04:00:00,20,7.78,33.56
2023-05-08 04:00:00,5,8.05,33.40
2023-05-08 04:00:00,10,7.54,33.66
2023-05-08 04:00:00,15,7.37,33.74
2023-05-08 04:00:00,20,7.34,33.75
2023-05-09 04:00:00,5,7.64,33.62
2023-05-09 04:00:00,10,7.56,33.67
2023-05-09 04:00:00,15,7.48,33.72
2023-05-09 04:00:00,20,7.46,33.72
2023-05-10 04:00:00,5,8.09,33.56
2023-05-10 04:00:00,10,7.96,33.61
2023-05-10 04:00:00,15,7.90,33.64
2023-05-10 04:00:00,20,7.83,33.71
2023-05-10 05:00:00,5,7.67,33.80
2023-05-10 05:00:00,10,7.64,33.81
2023-05-10 05:00:00,15,7.63,33.81
2023-05-10 05:00:00,20,7.62,33.81
2023-05-10 05:00:00,30,7.53,33.85
2023-05-10 05:00:00,40,7.43,33.90
2023-05-10 05:00:00,50,7.34,33.92
2023-05-11 04:00:00,5,7.99,33.77
2023-05-11 04:00:00,10,7.98,33.80
2023-05-11 04:00:00,15,7.88,33.83
2023-05-11 04:00:00,20,7.75,33.86
2023-05-12 04:00:00,5,7.89,33.85
2023-05-12 04:00:00,10,7.72,33.96
2023-05-12 04:00:00,15,7.67,33.98
2023-05-12 04:00:00,20,7.66,33.97
2023-05-13 04:00:00,5,7.83,33.91
2023-05-13 04:00:00,10,7.83,33.92
2023-05-13 04:00:00,15,7.84,33.92
2023-05-13 04:00:00,20,7.84,33.91
2023-05-15 06:00:00,5,8.00,33.90
2023-05-15 06:00:00,10,8.00,33.92
2023-05-15 06:00:00,15,7.99,33.91
2023-05-15 06:00:00,20,7.99,33.93
2023-05-16 04:00:00,5,8.75,33.77
2023-05-16 04:00:00,10,8.74,33.86
2023-05-16 04:00:00,15,8.75,33.86
2023-05-16 04:00:00,20,8.74,33.86
2023-05-17 04:00:00,5,8.91,34.12
2023-05-17 04:00:00,10,8.91,34.13
2023-05-17 04:00:00,15,8.91,34.13
2023-05-17 04:00:00,20,8.92,34.14
2023-05-18 06:00:00,5,9.60,33.58
2023-05-18 06:00:00,10,9.60,33.62
2023-05-18 06:00:00,15,9.58,33.62
2023-05-18 06:00:00,20,9.51,33.67
2023-05-19 04:00:00,5,9.18,33.88
2023-05-19 04:00:00,10,9.16,33.91
2023-05-19 04:00:00,15,9.13,33.92
2023-05-19 04:00:00,20,9.13,33.92
2023-05-20 04:00:00,5,9.73,33.78
2023-05-20 04:00:00,10,8.73,34.13
2023-05-20 04:00:00,15,8.49,34.19
2023-05-20 04:00:00,20,8.46,34.19
2023-05-22 04:00:00,5,9.03,33.85
2023-05-22 04:00:00,10,8.98,33.86
2023-05-22 04:00:00,15,8.92,33.87
2023-05-22 04:00:00,20,8.90,33.87
2023-05-23 04:00:00,5,9.94,33.52
2023-05-23 04:00:00,10,9.89,33.56
2023-05-23 04:00:00,15,9.77,33.61
2023-05-23 04:00:00,20,9.73,33.62
2023-05-24 04:00:00,5,9.37,33.86
2023-05-24 04:00:00,10,9.22,33.94
2023-05-24 04:00:00,15,9.18,33.95
2023-05-24 04:00:00,20,9.10,33.94
2023-05-26 04:00:00,5,10.43,33.62
2023-05-26 04:00:00,10,10.31,33.67
2023-05-26 04:00:00,15,10.15,33.73
2023-05-26 04:00:00,20,10.02,33.78
2023-05-27 04:00:00,5,10.40,33.70
2023-05-27 04:00:00,10,10.23,33.75
2023-05-27 04:00:00,15,10.15,33.78
2023-05-27 04:00:00,20,10.11,33.79
2023-05-29 04:00:00,5,10.73,33.57
2023-05-29 04:00:00,10,10.66,33.59
2023-05-29 04:00:00,15,10.53,33.64
2023-05-29 04:00:00,20,10.50,33.65
2023-05-31 04:00:00,5,11.02,33.41
2023-05-31 04:00:00,10,10.65,33.54
2023-05-31 04:00:00,15,9.93,33.74
2023-05-31 04:00:00,20,9.72,33.81
2023-06-02 08:00:00,5,10.94,33.76
2023-06-02 08:00:00,10,10.86,33.77
2023-06-02 08:00:00,15,10.79,33.79
2023-06-02 08:00:00,20,10.78,33.79
2023-06-05 04:00:00,5,10.74,33.84
2023-06-05 04:00:00,10,10.54,33.88
2023-06-05 04:00:00,15,10.40,33.92
2023-06-05 04:00:00,20,10.39,33.92
2023-06-07 04:00:00,5,10.23,33.83
2023-06-07 04:00:00,10,10.22,33.83
2023-06-07 04:00:00,15,10.19,33.84
2023-06-07 04:00:00,20,10.19,33.84
2023-06-08 04:00:00,5,11.42,33.73
2023-06-08 04:00:00,10,11.27,33.81
2023-06-08 04:00:00,15,10.89,33.88
2023-06-08 04:00:00,20,10.77,33.90
2023-06-09 04:00:00,5,11.65,33.82
2023-06-09 04:00:00,10,10.92,33.91
2023-06-09 04:00:00,15,10.78,33.94
2023-06-09 04:00:00,20,10.74,33.95
2023-06-12 04:00:00,5,11.60,33.87
2023-06-12 04:00:00,10,11.60,33.87
2023-06-12 04:00:00,15,11.60,33.86
2023-06-12 04:00:00,20,11.58,33.88
2023-06-12 05:00:00,5,10.23,33.96
2023-06-12 05:00:00,10,10.21,33.98
2023-06-12 05:00:00,15,10.20,33.98
2023-06-12 05:00:00,20,10.21,33.98
2023-06-12 05:00:00,30,10.04,33.98
2023-06-12 05:00:00,40,9.72,33.99
2023-06-12 05:00:00,50,9.39,33.99
2023-06-13 04:00:00,5,12.16,33.84
2023-06-13 04:00:00,10,12.15,33.85
2023-06-13 04:00:00,15,12.15,33.84
2023-06-13 04:00:00,20,12.15,33.85
2023-06-14 04:00:00,5,13.12,33.58
2023-06-14 04:00:00,10,13.09,33.57
2023-06-14 04:00:00,15,13.07,33.57
2023-06-14 04:00:00,20,13.06,33.58
2023-06-15 04:00:00,5,12.76,33.83
2023-06-15 04:00:00,10,12.64,33.84
2023-06-15 04:00:00,15,12.54,33.84
2023-06-15 04:00:00,20,12.49,33.86
2023-06-16 04:00:00,5,13.47,33.73
2023-06-16 04:00:00,10,13.33,33.74
2023-06-16 04:00:00,15,12.58,33.84
2023-06-16 04:00:00,20,12.52,33.83
2023-06-17 04:00:00,5,14.21,33.75
2023-06-17 04:00:00,10,14.22,33.80
2023-06-17 04:00:00,15,14.20,33.84
2023-06-17 04:00:00,20,14.18,33.85
2023-06-24 05:00:00,5,13.94,33.90
2023-06-24 05:00:00,10,13.29,33.92
2023-06-24 05:00:00,15,12.73,33.96
2023-06-24 05:00:00,20,11.87,34.02
2023-06-25 04:00:00,5,13.56,33.88
2023-06-25 04:00:00,10,12.07,34.03
2023-06-25 04:00:00,15,11.89,34.03
2023-06-25 04:00:00,20,11.59,34.05
2023-06-26 04:00:00,5,14.75,33.73
2023-06-26 04:00:00,10,14.07,33.74
2023-06-26 04:00:00,15,13.97,33.73
2023-06-26 04:00:00,20,13.87,33.74
2023-06-27 04:00:00,5,15.32,33.68
2023-06-27 04:00:00,10,15.07,33.73
2023-06-27 04:00:00,15,15.03,33.74
2023-06-27 04:00:00,20,15.03,33.75
2023-06-28 04:00:00,5,14.91,33.81
2023-06-28 04:00:00,10,14.91,33.81
2023-06-28 04:00:00,15,14.90,33.81
2023-06-28 04:00:00,20,14.91,33.81
2023-06-29 07:00:00,5,16.04,33.74
2023-06-29 07:00:00,10,15.66,33.75
2023-06-29 07:00:00,15,15.41,33.77
2023-06-29 07:00:00,20,15.36,33.78
2023-07-03 09:00:00,5,15.42,33.82
2023-07-03 09:00:00,10,15.17,33.84
2023-07-03 09:00:00,15,14.81,33.85
2023-07-03 09:00:00,20,14.68,33.86
2023-07-04 10:00:00,5,15.59,33.74
2023-07-04 10:00:00,10,15.37,33.76
2023-07-04 10:00:00,15,15.28,33.76
2023-07-04 10:00:00,20,15.25,33.75
2023-07-05 11:00:00,5,15.83,33.70
2023-07-05 11:00:00,10,15.31,33.71
2023-07-05 11:00:00,15,14.92,33.75
2023-07-05 11:00:00,20,14.88,33.76
2023-07-07 04:00:00,5,15.35,33.71
2023-07-07 04:00:00,10,15.27,33.74
2023-07-07 04:00:00,15,15.09,33.76
2023-07-07 04:00:00,20,14.95,33.76
2023-07-08 04:00:00,5,14.90,33.61
2023-07-08 04:00:00,10,14.76,33.62
2023-07-08 04:00:00,15,14.46,33.64
2023-07-08 04:00:00,20,14.37,33.64
2023-07-10 04:00:00,5,17.60,33.78
2023-07-10 04:00:00,10,17.52,33.79
2023-07-10 04:00:00,15,17.40,33.78
2023-07-10 04:00:00,20,17.16,33.82
2023-07-10 05:00:00,5,17.45,33.91
2023-07-10 05:00:00,10,16.58,33.91
2023-07-10 05:00:00,15,16.28,33.92
2023-07-10 05:00:00,20,16.14,33.92
2023-07-10 05:00:00,30,15.95,33.93
2023-07-10 05:00:00,40,15.35,33.97
2023-07-10 05:00:00,50,14.54,34.01
2023-07-10 06:00:00,5,17.33,33.78
2023-07-10 06:00:00,10,15.42,34.00
2023-07-10 06:00:00,15,15.13,34.02
2023-07-10 06:00:00,20,14.93,34.00
2023-07-10 06:00:00,30,14.67,34.01
2023-07-10 06:00:00,40,14.55,34.01
2023-07-10 06:00:00,50,14.54,34.02
2023-07-11 04:00:00,5,18.44,33.77
2023-07-11 04:00:00,10,18.34,33.76
2023-07-11 04:00:00,15,18.32,33.76
2023-07-11 04:00:00,20,18.31,33.76
2023-07-18 04:00:00,5,16.58,33.85
2023-07-18 04:00:00,10,16.38,33.85
2023-07-18 04:00:00,15,15.64,33.87
2023-07-18 04:00:00,20,14.65,33.92
2023-07-19 04:00:00,5,17.82,33.64
2023-07-19 04:00:00,10,17.52,33.67
2023-07-19 04:00:00,15,17.06,33.66
2023-07-19 04:00:00,20,16.18,33.76
2023-07-20 04:00:00,5,18.41,33.37
2023-07-20 04:00:00,10,18.15,33.38
2023-07-20 04:00:00,15,17.86,33.39
2023-07-20 04:00:00,20,16.34,33.48
2023-07-21 04:00:00,5,18.44,33.38
2023-07-21 04:00:00,10,18.05,33.42
2023-07-21 04:00:00,15,17.79,33.43
2023-07-21 04:00:00,20,17.03,33.47
2023-07-22 04:00:00,5,19.11,33.87
2023-07-22 04:00:00,10,18.49,33.81
2023-07-22 04:00:00,15,18.03,33.78
2023-07-22 04:00:00,20,17.25,33.81
2023-07-24 04:00:00,5,20.16,33.33
2023-07-24 04:00:00,10,19.76,33.44
2023-07-24 04:00:00,15,19.37,33.45
2023-07-24 04:00:00,20,18.63,33.49
2023-07-25 04:00:00,5,20.28,33.13
2023-07-25 04:00:00,10,19.70,33.25
2023-07-25 04:00:00,15,19.07,33.27
2023-07-25 04:00:00,20,18.80,33.30
2023-07-26 04:00:00,5,20.23,33.40
2023-07-26 04:00:00,10,19.76,33.42
2023-07-26 04:00:00,15,19.57,33.43
2023-07-26 04:00:00,20,19.52,33.44
2023-07-28 04:00:00,5,21.01,33.52
2023-07-28 04:00:00,10,20.88,33.54
2023-07-28 04:00:00,15,20.19,33.60
2023-07-28 04:00:00,20,20.00,33.62
2023-07-29 04:00:00,5,21.42,33.01
2023-07-29 04:00:00,10,21.27,33.02
2023-07-29 04:00:00,15,20.93,33.06
2023-07-29 04:00:00,20,20.42,33.12
2023-07-31 04:00:00,5,21.62,33.63
2023-07-31 04:00:00,10,21.15,33.72
2023-07-31 04:00:00,15,20.30,33.81
2023-07-31 04:00:00,20,20.22,33.81
2023-08-01 09:00:00,5,22.28,33.62
2023-08-01 09:00:00,10,22.17,33.62
2023-08-01 09:00:00,15,21.90,33.72
2023-08-01 09:00:00,20,21.64,33.79
2023-08-03 04:00:00,5,21.98,33.48
2023-08-03 04:00:00,10,21.72,33.50
2023-08-03 04:00:00,15,21.39,33.52
2023-08-03 04:00:00,20,21.13,33.54
2023-08-03 04:00:00,30,20.36,33.54
2023-08-03 04:00:00,40,19.84,33.56
2023-08-03 09:00:00,5,22.55,33.36
2023-08-03 09:00:00,10,22.17,33.40
2023-08-03 09:00:00,15,21.54,33.47
2023-08-03 09:00:00,20,21.05,33.50
2023-08-04 04:00:00,5,22.61,33.47
2023-08-04 04:00:00,10,22.62,33.48
2023-08-04 04:00:00,15,22.63,33.49
2023-08-04 04:00:00,20,22.59,33.48
2023-08-09 04:00:00,5,20.82,33.10
2023-08-09 04:00:00,10,21.09,33.31
2023-08-09 04:00:00,15,20.13,33.56
2023-08-09 04:00:00,20,18.71,33.74
2023-08-11 04:00:00,5,20.21,33.46
2023-08-11 04:00:00,10,20.17,33.50
2023-08-11 04:00:00,15,20.00,33.51
2023-08-11 04:00:00,20,19.87,33.52
2023-08-17 04:00:00,5,18.61,33.52
2023-08-17 04:00:00,10,18.25,33.51
2023-08-17 04:00:00,15,17.95,33.55
2023-08-17 04:00:00,20,17.77,33.57
2023-08-17 04:00:00,30,17.52,33.62
2023-08-17 05:00:00,5,18.91,33.61
2023-08-17 05:00:00,10,17.67,33.66
2023-08-17 05:00:00,15,17.44,33.67
2023-08-17 05:00:00,20,17.22,33.67
2023-08-17 05:00:00,30,16.96,33.67
2023-08-17 05:00:00,40,16.68,33.69
2023-08-17 05:00:00,50,16.22,33.73
2023-08-19 09:00:00,5,20.55,33.44
2023-08-19 09:00:00,10,20.26,33.47
2023-08-19 09:00:00,15,20.11,33.48
2023-08-19 09:00:00,20,19.65,33.52
2023-08-20 05:00:00,5,21.33,33.27
2023-08-20 05:00:00,10,21.32,33.29
2023-08-20 05:00:00,15,21.28,33.28
2023-08-20 05:00:00,20,20.62,33.29
2023-08-23 04:00:00,5,23.77,33.15
2023-08-23 04:00:00,10,23.17,33.22
2023-08-23 04:00:00,15,23.08,33.24
2023-08-23 04:00:00,20,23.01,33.25
2023-08-24 04:00:00,5,23.26,33.40
2023-08-24 04:00:00,10,22.94,33.43
2023-08-24 04:00:00,15,22.38,33.45
2023-08-24 04:00:00,20,22.28,33.47
2023-08-24 04:00:00,30,21.71,33.50
2023-08-24 05:00:00,5,23.72,33.33
2023-08-24 05:00:00,10,22.64,33.38
2023-08-24 05:00:00,15,21.53,33.39
2023-08-24 05:00:00,20,19.87,33.45
2023-08-24 05:00:00,30,19.39,33.53
2023-08-24 05:00:00,40,19.36,33.55
2023-08-25 04:00:00,5,23.13,33.38
2023-08-25 04:00:00,10,22.48,33.43
2023-08-25 04:00:00,15,22.18,33.48
2023-08-25 04:00:00,20,22.17,33.50
2023-08-25 04:00:00,30,21.45,33.56
2023-08-26 04:00:00,5,23.04,33.30
2023-08-26 04:00:00,10,22.70,33.28
2023-08-26 04:00:00,15,22.37,33.33
2023-08-26 04:00:00,20,22.29,33.36
2023-08-29 06:00:00,5,22.51,33.47
2023-08-29 06:00:00,10,21.41,33.56
2023-08-29 06:00:00,15,21.23,33.59
2023-08-29 06:00:00,20,21.14,33.59
2023-08-29 06:00:00,30,20.74,33.58
2023-08-31 04:00:00,5,21.59,33.37
2023-08-31 04:00:00,10,21.51,33.39
2023-08-31 04:00:00,15,20.49,33.54
2023-08-31 04:00:00,20,20.11,33.57
2023-09-01 04:00:00,5,21.57,33.33
2023-09-01 04:00:00,10,21.40,33.40
2023-09-01 04:00:00,15,21.27,33.41
2023-09-01 04:00:00,20,20.92,33.42
2023-09-02 04:00:00,5,23.06,33.16
2023-09-02 04:00:00,10,23.04,33.17
2023-09-02 04:00:00,15,22.90,33.19
2023-09-02 04:00:00,20,22.74,33.19
2023-09-04 04:00:00,5,23.40,33.38
2023-09-04 04:00:00,10,23.37,33.40
2023-09-04 04:00:00,15,23.35,33.41
2023-09-04 04:00:00,20,23.34,33.41
2023-09-06 10:00:00,5,23.03,33.39
2023-09-06 10:00:00,10,23.01,33.46
2023-09-06 10:00:00,15,22.99,33.49
2023-09-06 10:00:00,20,22.98,33.49
2023-09-08 09:00:00,5,22.15,33.60
2023-09-08 09:00:00,10,22.13,33.60
2023-09-08 09:00:00,15,22.14,33.61
2023-09-08 09:00:00,20,22.14,33.61
2023-09-09 04:00:00,5,21.99,33.45
2023-09-09 04:00:00,10,21.30,33.51
2023-09-09 04:00:00,15,20.83,33.55
2023-09-09 04:00:00,20,20.61,33.57
2023-09-11 04:00:00,5,21.13,33.55
2023-09-11 04:00:00,10,20.49,33.65
2023-09-11 04:00:00,15,20.38,33.66
2023-09-11 05:00:00,5,20.88,33.67
2023-09-11 05:00:00,10,20.79,33.67
2023-09-11 05:00:00,15,20.56,33.69
2023-09-11 05:00:00,20,20.27,33.72
2023-09-11 05:00:00,30,19.92,33.76
2023-09-11 06:00:00,5,19.61,33.74
2023-09-11 06:00:00,10,19.42,33.75
2023-09-11 06:00:00,15,18.82,33.78
2023-09-11 06:00:00,20,18.10,33.80
2023-09-11 06:00:00,30,15.98,33.87
2023-09-11 06:00:00,40,13.99,33.96
2023-09-12 05:00:00,5,21.34,33.68
2023-09-12 05:00:00,10,21.23,33.66
2023-09-12 05:00:00,15,21.15,33.65
2023-09-12 05:00:00,20,21.02,33.67
2023-09-13 05:00:00,5,21.76,33.59
2023-09-13 05:00:00,10,21.63,33.59
2023-09-13 05:00:00,15,21.50,33.58
2023-09-13 05:00:00,20,21.24,33.57
2023-09-14 09:00:00,5,22.38,33.63
2023-09-14 09:00:00,10,22.33,33.62
2023-09-14 09:00:00,15,22.29,33.64
2023-09-14 09:00:00,20,22.25,33.62
2023-09-15 05:00:00,5,21.35,33.70
2023-09-15 05:00:00,10,21.32,33.70
2023-09-15 05:00:00,15,21.25,33.71
2023-09-15 05:00:00,20,21.23,33.72
2023-09-16 05:00:00,5,21.53,33.65
2023-09-16 05:00:00,10,21.50,33.66
2023-09-16 05:00:00,15,21.39,33.66
2023-09-16 05:00:00,20,21.26,33.68
2023-09-18 05:00:00,5,21.54,33.73
2023-09-18 05:00:00,10,21.12,33.77
2023-09-18 05:00:00,15,20.78,33.82
2023-09-18 05:00:00,20,20.74,33.82
2023-09-19 05:00:00,5,21.58,33.80
2023-09-19 05:00:00,10,21.53,33.81
2023-09-19 05:00:00,15,21.45,33.81
2023-09-19 05:00:00,20,21.38,33.82
2023-09-21 05:00:00,5,21.73,33.70
2023-09-21 05:00:00,10,21.74,33.69
2023-09-21 05:00:00,15,21.76,33.69
2023-09-21 05:00:00,20,21.76,33.70
2023-09-22 05:00:00,5,21.46,33.77
2023-09-22 05:00:00,10,21.49,33.75
2023-09-22 05:00:00,15,21.49,33.77
2023-09-22 05:00:00,20,21.46,33.77
2023-09-23 05:00:00,5,21.33,33.90
2023-09-23 05:00:00,10,21.33,33.92
2023-09-23 05:00:00,15,21.33,33.92
2023-09-23 05:00:00,20,21.34,33.90
2023-09-25 05:00:00,5,20.76,33.82
2023-09-25 05:00:00,10,20.77,33.85
2023-09-25 05:00:00,15,20.77,33.85
2023-09-25 05:00:00,20,20.75,33.84
2023-09-26 05:00:00,5,21.20,33.68
2023-09-26 05:00:00,10,21.20,33.69
2023-09-26 05:00:00,15,21.16,33.75
2023-09-26 05:00:00,20,21.09,33.78
2023-09-27 11:00:00,5,21.40,33.79
2023-09-27 11:00:00,10,21.40,33.79
2023-09-27 11:00:00,15,21.38,33.79
2023-09-27 11:00:00,20,21.38,33.79
2023-09-28 05:00:00,5,21.24,33.79
2023-09-28 05:00:00,10,21.23,33.78
2023-09-28 05:00:00,15,21.19,33.80
2023-09-28 05:00:00,20,20.95,33.81
2023-09-29 05:00:00,5,21.17,33.81
2023-09-29 05:00:00,10,21.16,33.81
2023-09-29 05:00:00,15,21.07,33.81
2023-09-29 05:00:00,20,20.86,33.82
2023-09-30 06:00:00,5,21.17,33.73
2023-09-30 06:00:00,10,21.18,33.74
2023-09-30 06:00:00,15,21.19,33.74
2023-09-30 06:00:00,20,21.19,33.72
2023-10-02 06:00:00,5,20.28,33.84
2023-10-02 06:00:00,10,20.28,33.86
2023-10-02 06:00:00,15,20.26,33.86
2023-10-02 06:00:00,20,20.24,33.84
2023-10-04 10:00:00,5,20.15,33.84
2023-10-04 10:00:00,10,19.82,33.84
2023-10-04 10:00:00,15,19.19,33.79
2023-10-04 10:00:00,20,19.11,33.80
2023-10-05 05:00:00,5,19.22,33.85
2023-10-05 05:00:00,10,19.23,33.92
2023-10-05 05:00:00,15,19.24,33.89
2023-10-05 05:00:00,20,19.24,33.90
2023-10-09 07:00:00,5,17.45,33.91
2023-10-09 07:00:00,10,17.22,33.93
2023-10-09 07:00:00,15,16.49,34.00
2023-10-09 07:00:00,20,15.92,33.97
2023-10-10 05:00:00,5,15.30,33.75
2023-10-10 05:00:00,10,14.79,33.84
2023-10-10 05:00:00,15,14.73,33.86
2023-10-10 05:00:00,20,14.37,33.85
2023-10-10 05:00:00,30,13.26,33.83
2023-10-10 05:00:00,40,12.64,33.82
2023-10-10 05:00:00,50,12.32,33.87
2023-10-10 06:00:00,5,11.97,33.66
2023-10-10 06:00:00,10,11.91,33.75
2023-10-10 06:00:00,15,12.08,33.82
2023-10-10 06:00:00,20,12.04,33.83
2023-10-10 06:00:00,30,11.60,33.82
2023-10-10 06:00:00,40,11.32,33.88
2023-10-10 06:00:00,50,11.17,33.89
2023-10-11 05:00:00,5,15.18,33.74
2023-10-11 05:00:00,10,15.18,33.75
2023-10-11 05:00:00,15,15.21,33.76
2023-10-11 05:00:00,20,15.22,33.74
2023-10-12 05:00:00,5,17.62,33.72
2023-10-12 05:00:00,10,17.64,33.87
2023-10-12 05:00:00,15,17.51,33.88
2023-10-12 05:00:00,20,16.94,33.85
2023-10-13 05:00:00,5,16.58,33.86
2023-10-13 05:00:00,10,16.53,33.91
2023-10-13 05:00:00,15,16.49,33.91
2023-10-13 05:00:00,20,16.39,33.91
2023-10-14 12:00:00,5,16.96,33.85
2023-10-14 12:00:00,10,16.96,33.85
2023-10-14 12:00:00,15,16.90,33.86
2023-10-14 12:00:00,20,16.89,33.86
2023-10-16 05:00:00,5,17.41,33.72
2023-10-16 05:00:00,10,17.43,33.87
2023-10-16 05:00:00,15,17.42,33.86
2023-10-16 05:00:00,20,17.42,33.84
2023-10-19 05:00:00,5,16.42,33.84
2023-10-19 05:00:00,10,16.43,33.85
2023-10-19 05:00:00,15,16.44,33.85
2023-10-19 05:00:00,20,16.44,33.84
2023-10-20 05:00:00,5,15.59,33.87
2023-10-20 05:00:00,10,15.61,33.89
2023-10-20 05:00:00,15,15.61,33.88
2023-10-20 05:00:00,20,15.60,33.88
2023-10-21 05:00:00,5,15.67,33.86
2023-10-21 05:00:00,10,15.69,33.87
2023-10-21 05:00:00,15,15.70,33.87
2023-10-21 05:00:00,20,15.70,33.86
2023-10-24 05:00:00,5,14.96,33.93
2023-10-24 05:00:00,10,14.96,33.97
2023-10-24 05:00:00,15,14.97,33.98
2023-10-24 05:00:00,20,14.98,33.96
2023-10-25 09:00:00,5,15.17,34.00
2023-10-25 09:00:00,10,15.16,34.00
2023-10-25 09:00:00,15,15.16,34.00
2023-10-25 09:00:00,20,15.16,34.00
2023-10-26 06:00:00,5,15.89,33.86
2023-10-26 06:00:00,10,15.88,33.89
2023-10-26 06:00:00,15,15.63,33.93
2023-10-26 06:00:00,20,15.49,33.93
2023-10-27 05:00:00,5,15.92,33.63
2023-10-27 05:00:00,10,15.93,33.76
2023-10-27 05:00:00,15,15.74,33.89
2023-10-27 05:00:00,20,15.70,33.89
2023-10-28 05:00:00,5,15.90,33.59
2023-10-28 05:00:00,10,15.90,33.58
2023-10-28 05:00:00,15,15.91,33.57
2023-10-28 05:00:00,20,15.92,33.58
2023-10-30 10:00:00,5,14.94,33.76
2023-10-30 10:00:00,10,14.77,33.77
2023-10-30 10:00:00,15,14.67,33.77
2023-10-30 10:00:00,20,14.66,33.76
2023-10-31 06:00:00,5,14.85,33.89
2023-10-31 06:00:00,10,14.78,33.91
2023-10-31 06:00:00,15,14.74,33.91
2023-10-31 06:00:00,20,14.75,33.90
2023-11-06 07:00:00,5,14.96,33.68
2023-11-06 07:00:00,10,14.97,33.71
2023-11-06 07:00:00,15,14.97,33.70
2023-11-06 07:00:00,20,14.97,33.71
2023-11-09 10:00:00,5,14.18,33.63
2023-11-09 10:00:00,10,14.19,33.75
2023-11-09 10:00:00,15,14.19,33.74
2023-11-09 10:00:00,20,14.19,33.73
2023-11-15 09:00:00,5,13.09,33.91
2023-11-15 09:00:00,10,13.11,33.90
2023-11-15 09:00:00,15,13.11,33.89
2023-11-15 09:00:00,20,13.11,33.89
2023-11-15 09:00:00,30,13.06,33.94
2023-11-15 09:00:00,40,12.88,33.92
2023-11-15 10:00:00,5,12.70,33.54
2023-11-15 10:00:00,10,12.75,33.55
2023-11-15 10:00:00,15,12.90,33.62
2023-11-15 10:00:00,20,12.92,33.61
2023-11-16 06:00:00,5,12.94,33.75
2023-11-16 06:00:00,10,12.94,33.78
2023-11-16 06:00:00,15,12.94,33.76
2023-11-16 06:00:00,20,12.94,33.78
2023-11-20 07:00:00,5,13.02,33.60
2023-11-20 07:00:00,10,13.01,33.58
2023-11-20 07:00:00,15,13.02,33.58
2023-11-20 07:00:00,20,13.02,33.59
2024-05-25 04:00:00,5,9.72,33.35
2024-05-25 04:00:00,10,9.64,33.39
2024-05-25 04:00:00,15,9.08,33.58
2024-05-25 04:00:00,20,9.05,33.59
2024-05-27 04:00:00,5,9.26,33.64
2024-05-27 04:00:00,10,9.01,33.71
2024-05-27 04:00:00,15,8.94,33.72
2024-05-27 04:00:00,20,8.93,33.72
2024-05-29 04:00:00,5,9.57,33.46
2024-05-29 04:00:00,10,9.58,33.48
2024-05-29 04:00:00,15,9.58,33.48
2024-05-29 04:00:00,20,9.57,33.48
2024-05-30 04:00:00,5,9.63,33.43
2024-05-30 04:00:00,10,9.64,33.45
2024-05-30 04:00:00,15,9.63,33.47
2024-05-30 04:00:00,20,9.62,33.48
2024-05-31 04:00:00,5,9.77,33.51
2024-05-31 04:00:00,10,9.77,33.52
2024-05-31 04:00:00,15,9.77,33.52
2024-05-31 04:00:00,20,9.75,33.52
2024-06-01 04:00:00,5,10.29,33.53
2024-06-01 04:00:00,10,10.30,33.53
2024-06-01 04:00:00,15,10.31,33.53
2024-06-01 04:00:00,20,10.31,33.53
2024-06-03 04:00:00,5,11.11,33.47
2024-06-03 04:00:00,10,10.02,33.65
2024-06-03 04:00:00,15,10.01,33.65
2024-06-03 04:00:00,20,10.00,33.65
2024-06-04 10:00:00,5,11.05,33.58
2024-06-04 10:00:00,10,11.01,33.64
2024-06-04 10:00:00,15,10.99,33.64
2024-06-04 10:00:00,20,10.97,33.64
2024-06-06 04:00:00,5,10.26,33.74
2024-06-06 04:00:00,10,9.76,33.81
2024-06-06 04:00:00,15,9.60,33.82
2024-06-06 04:00:00,20,9.57,33.82
2024-06-07 08:00:00,5,10.20,33.77
2024-06-07 08:00:00,10,9.88,33.81
2024-06-07 08:00:00,15,9.86,33.82
2024-06-07 08:00:00,20,9.87,33.82
2024-06-08 04:00:00,5,10.50,33.83
2024-06-08 04:00:00,10,10.28,33.86
2024-06-08 04:00:00,15,10.10,33.88
2024-06-08 04:00:00,20,10.06,33.87
2024-06-10 04:00:00,5,11.71,33.78
2024-06-10 04:00:00,10,11.50,33.79
2024-06-10 04:00:00,15,11.12,33.82
2024-06-10 04:00:00,20,10.91,33.85
2024-06-10 04:00:00,30,10.70,33.86
2024-06-10 05:00:00,5,10.35,33.88
2024-06-10 05:00:00,10,10.19,33.89
2024-06-10 05:00:00,15,10.18,33.89
2024-06-10 05:00:00,20,10.11,33.89
2024-06-10 05:00:00,30,10.01,33.90
2024-06-10 05:00:00,40,9.47,33.94
2024-06-10 05:00:00,50,9.37,33.94
2024-06-11 04:00:00,5,11.45,33.70
2024-06-11 04:00:00,10,11.17,33.74
2024-06-11 04:00:00,15,11.03,33.77
2024-06-11 04:00:00,20,10.98,33.78
2024-06-12 04:00:00,5,13.04,33.55
2024-06-12 04:00:00,10,12.65,33.64
2024-06-12 04:00:00,15,12.29,33.71
2024-06-12 04:00:00,20,12.13,33.75
2024-06-13 04:00:00,5,12.21,33.69
2024-06-13 04:00:00,10,12.21,33.73
2024-06-13 04:00:00,15,12.21,33.73
2024-06-13 04:00:00,20,12.21,33.73
2024-06-14 04:00:00,5,13.55,33.59
2024-06-14 04:00:00,10,13.55,33.60
2024-06-14 04:00:00,15,13.56,33.60
2024-06-14 04:00:00,20,13.56,33.60
2024-06-15 04:00:00,5,13.35,33.61
2024-06-15 04:00:00,10,13.35,33.66
2024-06-15 04:00:00,15,13.27,33.68
2024-06-15 04:00:00,20,13.03,33.69
2024-06-16 04:00:00,5,13.24,33.65
2024-06-16 04:00:00,10,12.81,33.73
2024-06-16 04:00:00,15,12.54,33.75
2024-06-16 04:00:00,20,12.53,33.75
2024-06-17 04:00:00,5,13.65,33.69
2024-06-17 04:00:00,10,13.11,33.76
2024-06-17 04:00:00,15,13.09,33.77
2024-06-17 04:00:00,20,13.08,33.77
2024-06-26 04:00:00,5,10.71,33.81
2024-06-26 04:00:00,10,10.41,33.83
2024-06-26 04:00:00,15,9.67,33.88
2024-06-26 04:00:00,20,9.36,33.90
2024-06-28 04:00:00,5,13.01,33.79
2024-06-28 04:00:00,10,12.74,33.80
2024-06-28 04:00:00,15,12.57,33.81
2024-06-28 04:00:00,20,12.44,33.80
2024-06-29 04:00:00,5,13.66,33.72
2024-06-29 04:00:00,10,13.37,33.76
2024-06-29 04:00:00,15,13.29,33.77
2024-06-29 04:00:00,20,13.28,33.77
2024-07-03 04:00:00,5,15.06,33.61
2024-07-03 04:00:00,10,15.00,33.67
2024-07-03 04:00:00,15,14.17,33.74
2024-07-03 04:00:00,20,13.10,33.80
2024-07-04 09:00:00,5,14.02,33.81
2024-07-04 09:00:00,10,13.63,33.84
2024-07-04 09:00:00,15,13.41,33.85
2024-07-04 09:00:00,20,13.33,33.86
2024-07-05 04:00:00,5,15.84,33.74
2024-07-05 04:00:00,10,15.49,33.74
2024-07-05 04:00:00,15,15.12,33.75
2024-07-05 04:00:00,20,14.94,33.76
2024-07-06 04:00:00,5,15.93,33.76
2024-07-06 04:00:00,10,15.72,33.76
2024-07-06 04:00:00,15,15.28,33.79
2024-07-06 04:00:00,20,15.16,33.79
2024-07-08 04:00:00,5,16.68,33.67
2024-07-08 04:00:00,10,16.32,33.70
2024-07-08 04:00:00,15,15.71,33.74
2024-07-08 04:00:00,20,15.26,33.75
2024-07-09 04:00:00,5,16.10,33.70
2024-07-09 04:00:00,10,15.74,33.74
2024-07-09 04:00:00,15,15.50,33.76
2024-07-09 04:00:00,20,15.10,33.79
2024-07-10 04:00:00,5,16.62,33.59
2024-07-10 04:00:00,10,16.50,33.68
2024-07-10 04:00:00,15,16.29,33.71
2024-07-10 04:00:00,20,15.93,33.73
2024-07-10 05:00:00,5,15.43,33.77
2024-07-10 05:00:00,10,15.28,33.77
2024-07-10 05:00:00,15,15.15,33.79
2024-07-10 05:00:00,20,15.07,33.80
2024-07-10 05:00:00,30,14.88,33.80
2024-07-10 05:00:00,40,14.47,33.83
2024-07-10 05:00:00,50,13.95,33.84
2024-07-11 04:00:00,5,16.42,33.65
2024-07-11 04:00:00,10,15.99,33.70
2024-07-11 04:00:00,15,15.58,33.73
2024-07-11 04:00:00,20,15.32,33.76
2024-07-12 04:00:00,5,16.33,33.73
2024-07-12 04:00:00,10,16.25,33.74
2024-07-12 04:00:00,15,16.18,33.75
2024-07-12 04:00:00,20,16.18,33.75
2024-07-13 06:00:00,5,16.88,33.49
2024-07-13 06:00:00,10,16.78,33.59
2024-07-13 06:00:00,15,16.72,33.61
2024-07-13 06:00:00,20,16.70,33.61
2024-07-14 04:00:00,5,17.24,33.72
2024-07-14 04:00:00,10,17.25,33.74
2024-07-14 04:00:00,15,17.27,33.74
2024-07-14 04:00:00,20,17.27,33.75
2024-07-16 04:00:00,5,17.33,33.78
2024-07-16 04:00:00,10,17.05,33.78
2024-07-16 04:00:00,15,17.03,33.79
2024-07-16 04:00:00,20,17.01,33.78
2024-07-18 04:00:00,5,16.69,33.82
2024-07-18 04:00:00,10,16.63,33.83
2024-07-18 04:00:00,15,16.55,33.82
2024-07-18 04:00:00,20,16.43,33.82
2024-07-19 04:00:00,5,17.84,33.67
2024-07-19 04:00:00,10,15.85,33.81
2024-07-19 04:00:00,15,15.31,33.87
2024-07-19 04:00:00,20,15.28,33.87
2024-07-20 05:00:00,5,17.50,33.75
2024-07-20 05:00:00,10,16.54,33.79
2024-07-20 05:00:00,15,15.41,33.86
2024-07-20 05:00:00,20,15.29,33.85
2024-07-23 04:00:00,5,18.87,33.80
2024-07-23 04:00:00,10,18.74,33.81
2024-07-23 04:00:00,15,18.44,33.79
2024-07-23 04:00:00,20,18.41,33.79
2024-07-24 04:00:00,5,19.57,33.73
2024-07-24 04:00:00,10,19.54,33.72
2024-07-24 04:00:00,15,19.50,33.72
2024-07-24 04:00:00,20,19.45,33.72
2024-07-27 04:00:00,5,17.21,33.92
2024-07-27 04:00:00,10,17.16,33.92
2024-07-27 04:00:00,15,17.15,33.92
2024-07-27 04:00:00,20,17.16,33.92
2024-07-29 04:00:00,5,19.05,33.86
2024-07-29 04:00:00,10,18.60,33.90
2024-07-29 04:00:00,15,18.56,33.89
2024-07-29 04:00:00,20,18.55,33.89
2024-07-31 04:00:00,5,18.85,33.91
2024-07-31 04:00:00,10,18.17,33.98
2024-07-31 04:00:00,15,17.58,33.98
2024-07-31 04:00:00,20,17.56,33.97
2024-08-01 04:00:00,5,18.27,33.94
2024-08-01 04:00:00,10,17.03,33.97
2024-08-01 04:00:00,15,16.59,33.97
2024-08-01 04:00:00,20,16.58,33.97
2024-08-02 04:00:00,5,17.72,33.94
2024-08-02 04:00:00,10,16.80,34.01
2024-08-02 04:00:00,15,16.08,33.99
2024-08-02 04:00:00,20,16.03,33.99
2024-08-06 10:00:00,5,18.15,33.71
2024-08-06 10:00:00,10,18.02,33.78
2024-08-06 10:00:00,15,17.84,33.78
2024-08-06 10:00:00,20,17.70,33.79
2024-08-07 04:00:00,5,18.48,33.79
2024-08-07 04:00:00,10,18.43,33.81
2024-08-07 04:00:00,15,17.83,33.85
2024-08-07 04:00:00,20,17.57,33.85
2024-08-08 08:00:00,5,19.87,33.77
2024-08-08 08:00:00,10,19.57,33.76
2024-08-08 08:00:00,15,19.26,33.77
2024-08-08 08:00:00,20,18.98,33.80
2024-08-19 04:00:00,5,18.91,33.87
2024-08-19 04:00:00,10,18.62,33.86
2024-08-19 04:00:00,15,18.26,33.88
2024-08-19 04:00:00,20,17.30,33.91
2024-08-20 04:00:00,5,18.60,33.81
2024-08-20 04:00:00,10,18.53,33.81
2024-08-20 04:00:00,15,18.30,33.83
2024-08-20 04:00:00,20,17.89,33.84
2024-08-21 04:00:00,5,19.49,33.81
2024-08-21 04:00:00,10,18.76,33.84
2024-08-21 04:00:00,15,17.99,33.90
2024-08-21 04:00:00,20,17.25,33.93
2024-08-22 04:00:00,5,19.90,33.77
2024-08-22 04:00:00,10,18.72,33.84
2024-08-22 04:00:00,15,18.22,33.86
2024-08-22 04:00:00,20,17.75,33.88
2024-08-23 06:00:00,5,19.26,33.82
2024-08-23 06:00:00,10,18.51,33.87
2024-08-23 06:00:00,15,18.41,33.88
2024-08-23 06:00:00,20,18.40,33.87
2024-08-24 04:00:00,5,18.54,33.80
2024-08-24 04:00:00,10,18.41,33.80
2024-08-24 04:00:00,15,18.21,33.81
2024-08-24 04:00:00,20,18.16,33.81
2024-08-26 04:00:00,5,20.38,33.85
2024-08-26 04:00:00,10,20.38,33.92
2024-08-26 04:00:00,15,20.35,33.94
2024-08-26 04:00:00,20,20.34,33.95
2024-08-28 05:00:00,5,19.60,33.73
2024-08-28 05:00:00,10,19.36,33.84
2024-08-28 05:00:00,15,19.23,33.90
2024-08-28 05:00:00,20,18.85,33.90
2024-08-29 04:00:00,5,20.12,33.79
2024-08-29 04:00:00,10,20.06,33.82
2024-08-29 04:00:00,15,20.03,33.82
2024-08-29 04:00:00,20,20.01,33.82
2024-08-30 04:00:00,5,20.27,33.81
2024-08-30 04:00:00,10,20.27,33.89
2024-08-30 04:00:00,15,20.27,33.90
2024-08-30 04:00:00,20,20.27,33.89
2024-08-31 04:00:00,5,20.39,33.90
2024-08-31 04:00:00,10,20.22,33.92
2024-08-31 04:00:00,15,20.20,33.92
2024-08-31 04:00:00,20,20.20,33.92
2024-09-02 05:00:00,5,20.96,33.43
2024-09-02 05:00:00,10,20.94,33.47
2024-09-02 05:00:00,15,20.97,33.52
2024-09-02 05:00:00,20,20.89,33.56
2024-09-03 05:00:00,5,22.17,32.83
2024-09-03 05:00:00,10,22.18,33.19
2024-09-03 05:00:00,15,22.17,33.19
2024-09-03 05:00:00,20,22.17,33.19
2024-09-03 09:00:00,5,22.40,33.18
2024-09-03 09:00:00,10,22.31,33.22
2024-09-03 09:00:00,15,22.29,33.24
2024-09-03 09:00:00,20,22.20,33.36
2024-09-04 05:00:00,5,22.17,32.90
2024-09-04 05:00:00,10,22.14,33.18
2024-09-04 05:00:00,15,21.99,33.41
2024-09-04 05:00:00,20,21.84,33.50
2024-09-05 05:00:00,5,21.93,33.46
2024-09-05 05:00:00,10,21.57,33.68
2024-09-05 05:00:00,15,21.50,33.71
2024-09-05 05:00:00,20,21.44,33.73
2024-09-09 05:00:00,5,22.05,33.73
2024-09-09 05:00:00,10,22.06,33.73
2024-09-09 05:00:00,15,22.07,33.73
2024-09-09 05:00:00,20,22.07,33.72
2024-09-10 04:00:00,5,21.84,33.35
2024-09-10 04:00:00,10,21.86,33.44
2024-09-10 04:00:00,15,21.87,33.45
2024-09-10 05:00:00,5,22.02,33.56
2024-09-10 05:00:00,10,21.99,33.69
2024-09-10 05:00:00,15,21.91,33.71
2024-09-10 05:00:00,20,21.87,33.71
2024-09-10 05:00:00,30,21.65,33.77
2024-09-10 06:00:00,5,21.99,33.62
2024-09-10 06:00:00,10,21.67,33.70
2024-09-10 06:00:00,15,21.25,33.80
2024-09-10 06:00:00,20,20.88,33.85
2024-09-10 06:00:00,30,20.31,33.89
2024-09-10 06:00:00,40,15.53,34.03
2024-09-10 06:00:00,50,13.46,34.13
2024-09-12 05:00:00,5,22.25,33.57
2024-09-12 05:00:00,10,22.27,33.62
2024-09-12 05:00:00,15,22.28,33.65
2024-09-12 05:00:00,20,22.29,33.66
2024-09-13 05:00:00,5,22.09,33.60
2024-09-13 05:00:00,10,21.99,33.64
2024-09-13 05:00:00,15,21.10,33.80
2024-09-13 05:00:00,20,20.67,33.81
2024-09-14 06:00:00,5,20.94,33.56
2024-09-14 06:00:00,10,20.95,33.58
2024-09-14 06:00:00,15,20.94,33.58
2024-09-14 06:00:00,20,20.88,33.63
2024-09-18 05:00:00,5,20.35,33.79
2024-09-18 05:00:00,10,20.35,33.81
2024-09-18 05:00:00,15,20.35,33.81
2024-09-18 05:00:00,20,20.31,33.81
2024-09-24 05:00:00,5,17.15,33.93
2024-09-24 05:00:00,10,17.16,33.96
2024-09-24 05:00:00,15,17.15,33.96
2024-09-24 05:00:00,20,17.15,33.96
2024-09-25 05:00:00,5,17.53,34.02
2024-09-25 05:00:00,10,17.51,34.02
2024-09-25 05:00:00,15,17.51,34.03
2024-09-25 05:00:00,20,17.51,34.02
2024-09-26 05:00:00,5,17.84,34.00
2024-09-26 05:00:00,10,17.82,34.00
2024-09-26 05:00:00,15,17.81,34.00
2024-09-26 05:00:00,20,17.80,33.99
2024-09-27 05:00:00,5,17.97,33.99
2024-09-27 05:00:00,10,17.96,33.99
2024-09-27 05:00:00,15,17.92,33.99
2024-09-27 05:00:00,20,17.76,33.98
2024-09-30 10:00:00,5,18.88,33.96
2024-09-30 10:00:00,10,18.86,33.96
2024-09-30 10:00:00,15,18.85,33.96
2024-09-30 10:00:00,20,18.82,33.96
2024-10-01 07:00:00,5,19.04,33.93
2024-10-01 07:00:00,10,18.90,33.93
2024-10-01 07:00:00,15,18.62,33.95
2024-10-01 07:00:00,20,18.37,33.94
2024-10-02 07:00:00,5,19.21,33.94
2024-10-02 07:00:00,10,19.19,33.94
2024-10-02 07:00:00,15,19.08,33.96
2024-10-02 07:00:00,20,18.97,33.95
2024-10-02 08:00:00,5,19.25,33.92
2024-10-02 08:00:00,10,19.24,33.94
2024-10-02 08:00:00,15,19.10,33.95
2024-10-02 08:00:00,20,18.89,33.95
2024-10-03 05:00:00,5,19.67,33.80
2024-10-03 05:00:00,10,19.70,33.86
2024-10-03 05:00:00,15,19.70,33.87
2024-10-03 05:00:00,20,19.68,33.87
2024-10-04 07:00:00,5,19.17,33.86
2024-10-04 07:00:00,10,19.17,33.93
2024-10-04 07:00:00,15,19.17,33.93
2024-10-04 07:00:00,20,19.18,33.93
2024-10-05 05:00:00,5,18.98,33.85
2024-10-05 05:00:00,10,18.98,33.92
2024-10-05 05:00:00,15,18.95,33.94
2024-10-05 05:00:00,20,18.92,33.94
2024-10-07 07:00:00,5,18.52,33.93
2024-10-07 07:00:00,10,18.31,33.97
2024-10-07 07:00:00,15,18.03,33.99
2024-10-07 07:00:00,20,17.66,33.99
2024-10-09 05:00:00,5,17.43,34.01
2024-10-09 05:00:00,10,17.42,34.00
2024-10-09 05:00:00,15,17.41,33.98
2024-10-09 06:00:00,5,16.75,33.96
2024-10-09 06:00:00,10,16.72,33.94
2024-10-09 06:00:00,15,16.69,33.99
2024-10-09 06:00:00,20,16.54,33.99
2024-10-09 06:00:00,30,16.25,33.99
2024-10-09 06:00:00,40,15.75,33.98
2024-10-09 06:00:00,50,13.29,33.97
2024-10-09 07:00:00,5,17.24,33.91
2024-10-09 07:00:00,10,17.25,33.99
2024-10-09 07:00:00,15,17.25,33.99
2024-10-09 07:00:00,20,17.25,33.99
2024-10-09 07:00:00,30,17.40,34.01
2024-10-14 05:00:00,5,16.90,34.03
2024-10-14 05:00:00,10,16.96,34.03
2024-10-14 05:00:00,15,16.96,34.03
2024-10-14 05:00:00,20,16.97,34.03
2024-10-17 05:00:00,5,17.26,34.03
2024-10-17 05:00:00,10,17.27,34.01
2024-10-17 05:00:00,15,17.27,34.02
2024-10-17 05:00:00,20,17.27,34.02
2024-10-18 05:00:00,5,17.13,34.01
2024-10-18 05:00:00,10,17.15,34.03
2024-10-18 05:00:00,15,17.15,34.01
2024-10-18 05:00:00,20,17.15,34.01
2024-10-21 05:00:00,5,15.98,34.01
2024-10-21 05:00:00,10,16.00,34.07
2024-10-21 05:00:00,15,16.00,34.08
2024-10-21 05:00:00,20,16.00,34.05
2024-10-22 05:00:00,5,15.41,33.98
2024-10-22 05:00:00,10,15.42,34.00
2024-10-22 05:00:00,15,15.41,34.00
2024-10-22 05:00:00,20,15.40,33.99
2024-10-25 05:00:00,5,15.35,33.95
2024-10-25 05:00:00,10,15.37,33.97
2024-10-25 05:00:00,15,15.36,33.96
2024-10-25 05:00:00,20,15.37,33.95
2024-10-29 06:00:00,5,15.56,33.96
2024-10-29 06:00:00,10,15.58,33.97
2024-10-29 06:00:00,15,15.58,33.98
2024-10-29 06:00:00,20,15.57,33.98
2024-10-30 06:00:00,5,13.69,33.81
2024-10-30 06:00:00,10,13.70,33.80
2024-10-30 06:00:00,15,13.71,33.81
2024-10-30 06:00:00,20,13.70,33.81
2024-10-31 06:00:00,5,14.43,33.86
2024-10-31 06:00:00,10,14.43,33.86
2024-10-31 06:00:00,15,14.43,33.87
2024-10-31 06:00:00,20,14.42,33.86
2024-11-01 06:00:00,5,13.42,33.77
2024-11-01 06:00:00,10,13.41,33.75
2024-11-01 06:00:00,15,13.42,33.76
2024-11-01 06:00:00,20,13.42,33.75
2024-11-02 06:00:00,5,13.75,33.82
2024-11-02 06:00:00,10,13.74,33.82
2024-11-02 06:00:00,15,13.74,33.82
2024-11-02 06:00:00,20,13.74,33.81
2024-11-12 10:00:00,5,13.31,33.92
2024-11-12 10:00:00,10,13.32,33.93
2024-11-12 10:00:00,15,13.32,33.92
2024-11-12 10:00:00,20,13.32,33.93
2024-11-14 09:00:00,5,6.19,31.99
2024-11-14 09:00:00,10,7.07,32.25
2024-11-14 09:00:00,15,8.73,32.96
2024-11-14 09:00:00,20,8.94,33.10
2024-11-15 06:00:00,5,7.95,33.22
2024-11-15 06:00:00,10,8.00,33.23
2024-11-15 06:00:00,15,8.01,33.24
2024-11-15 06:00:00,20,8.02,33.25
2024-11-15 06:00:00,30,8.14,33.28
2024-11-15 06:00:00,40,8.30,33.32
2024-11-15 07:00:00,5,9.01,33.40
2024-11-15 07:00:00,10,9.06,33.42
2024-11-15 07:00:00,15,9.07,33.44
2024-11-15 07:00:00,20,9.07,33.44
2024-11-15 07:00:00,30,9.11,33.47
2024-11-15 07:00:00,40,8.97,33.46
2024-11-15 08:00:00,5,9.79,33.43
2024-11-15 08:00:00,10,9.90,33.47
2024-11-15 08:00:00,15,9.93,33.50
2024-11-15 08:00:00,20,9.86,33.50
2024-11-16 07:00:00,5,11.39,33.81
2024-11-16 07:00:00,10,11.38,33.83
2024-11-16 07:00:00,15,11.38,33.84
2024-11-16 07:00:00,20,11.38,33.83
2024-11-20 07:00:00,5,11.40,33.88
2024-11-20 07:00:00,10,11.41,33.91
2024-11-20 07:00:00,15,11.41,33.92
2024-11-20 07:00:00,20,11.42,33.92
2024-11-21 07:00:00,5,9.64,33.77
2024-11-21 07:00:00,10,9.66,33.77
2024-11-21 07:00:00,15,9.68,33.76
2024-11-21 07:00:00,20,9.69,33.76
2024-11-26 07:00:00,5,5.39,31.52
2024-11-26 07:00:00,10,6.08,31.86
2024-11-26 07:00:00,15,7.61,32.94
2024-11-26 07:00:00,20,7.87,33.07
2025-03-19 05:00:00,5,4.44,33.81
2025-03-19 05:00:00,10,4.44,33.82
2025-03-19 05:00:00,15,4.44,33.81
2025-03-19 05:00:00,20,4.44,33.81
2025-03-20 05:00:00,5,4.93,33.86
2025-03-20 05:00:00,10,4.95,33.87
2025-03-20 05:00:00,15,4.94,33.87
2025-03-20 05:00:00,20,4.95,33.86
2025-03-21 05:00:00,5,3.94,33.83
2025-03-21 05:00:00,10,3.94,33.83
2025-03-21 05:00:00,15,3.94,33.83
2025-03-21 05:00:00,20,3.94,33.83
2025-03-22 05:00:00,5,4.64,33.80
2025-03-22 05:00:00,10,4.63,33.80
2025-03-22 05:00:00,15,4.62,33.81
2025-03-22 05:00:00,20,4.62,33.81
2025-03-24 05:00:00,5,5.17,33.88
2025-03-24 05:00:00,10,5.17,33.88
2025-03-24 05:00:00,15,5.18,33.88
2025-03-24 05:00:00,20,5.18,33.87
2025-03-27 07:00:00,5,5.36,33.92
2025-03-27 07:00:00,10,5.35,33.92
2025-03-27 07:00:00,15,5.36,33.92
2025-03-27 07:00:00,20,5.36,33.92
2025-03-29 05:00:00,5,5.08,33.81
2025-03-29 05:00:00,10,5.08,33.82
2025-03-29 05:00:00,15,5.08,33.83
2025-03-29 05:00:00,20,5.08,33.82
2025-03-31 05:00:00,5,5.16,33.86
2025-03-31 05:00:00,10,5.16,33.87
2025-03-31 05:00:00,15,5.16,33.86
2025-03-31 05:00:00,20,5.16,33.86
2025-04-01 05:00:00,5,5.18,33.67
2025-04-01 05:00:00,10,5.19,33.67
2025-04-01 05:00:00,15,5.19,33.67
2025-04-01 05:00:00,20,5.19,33.66
2025-04-02 05:00:00,5,5.11,33.54
2025-04-02 05:00:00,10,5.12,33.54
2025-04-02 05:00:00,15,5.12,33.55
2025-04-02 05:00:00,20,5.12,33.54
2025-04-07 05:00:00,5,5.71,33.78
2025-04-07 05:00:00,10,5.71,33.78
2025-04-07 05:00:00,15,5.71,33.78
2025-04-07 05:00:00,20,5.71,33.78
2025-04-08 05:00:00,5,5.79,33.76
2025-04-08 05:00:00,10,5.80,33.77
2025-04-08 05:00:00,15,5.80,33.77
2025-04-08 05:00:00,20,5.80,33.77
2025-04-09 05:00:00,5,5.91,33.68
2025-04-09 05:00:00,10,5.91,33.69
2025-04-09 05:00:00,15,5.91,33.69
2025-04-09 05:00:00,20,5.92,33.69
2025-04-11 09:00:00,5,6.11,33.67
2025-04-11 09:00:00,10,6.09,33.67
2025-04-11 09:00:00,15,6.09,33.67
2025-04-11 09:00:00,20,6.07,33.67
2025-04-12 05:00:00,5,6.30,33.86
2025-04-12 05:00:00,10,6.29,33.87
2025-04-12 05:00:00,15,6.29,33.88
2025-04-12 05:00:00,20,6.29,33.88
2025-04-12 05:00:00,30,6.28,33.93
2025-04-12 05:00:00,40,6.23,33.95
2025-04-12 05:00:00,50,6.20,33.95
2025-04-12 06:00:00,5,6.15,33.96
2025-04-12 06:00:00,10,6.16,33.96
2025-04-12 06:00:00,15,6.16,33.96
2025-04-12 06:00:00,20,6.16,33.96
2025-04-12 06:00:00,30,6.16,33.96
2025-04-12 06:00:00,40,6.16,33.96
2025-04-12 06:00:00,50,6.16,33.96
2025-04-12 09:00:00,5,6.38,33.20
2025-04-12 09:00:00,10,6.33,33.26
2025-04-12 09:00:00,15,6.32,33.28
2025-04-12 09:00:00,20,6.32,33.32
2025-04-12 10:00:00,5,6.50,32.82
2025-04-12 10:00:00,10,6.53,32.85
2025-04-12 10:00:00,15,6.54,32.85
2025-04-18 04:00:00,5,6.27,33.84
2025-04-18 04:00:00,10,6.27,33.85
2025-04-18 04:00:00,15,6.26,33.87
2025-04-18 04:00:00,20,6.26,33.88
2025-04-22 04:00:00,5,6.18,33.62
2025-04-22 04:00:00,10,6.18,33.61
2025-04-22 04:00:00,15,6.18,33.62
2025-04-22 04:00:00,20,6.18,33.61
2025-04-23 04:00:00,5,6.31,33.61
2025-04-23 04:00:00,10,6.32,33.61
2025-04-23 04:00:00,15,6.32,33.62
2025-04-23 04:00:00,20,6.32,33.62
2025-04-26 07:00:00,5,6.44,33.71
2025-04-26 07:00:00,10,6.43,33.71
2025-04-26 07:00:00,15,6.43,33.72
2025-04-26 07:00:00,20,6.42,33.72
2025-05-02 05:00:00,5,6.85,33.53
2025-05-02 05:00:00,10,6.75,33.59
2025-05-02 05:00:00,15,6.67,33.61
2025-05-02 05:00:00,20,6.64,33.61
2025-05-07 08:00:00,5,8.80,33.01
2025-05-07 08:00:00,10,8.78,33.01
2025-05-07 08:00:00,15,8.76,33.02
2025-05-07 08:00:00,20,8.76,33.03
2025-05-08 05:00:00,5,9.16,32.58
2025-05-08 05:00:00,10,9.15,32.61
2025-05-08 05:00:00,15,9.14,32.65
2025-05-08 05:00:00,20,9.14,32.66
2025-05-09 06:00:00,5,9.41,32.85
2025-05-09 06:00:00,10,9.40,32.86
2025-05-09 06:00:00,15,9.40,32.87
2025-05-09 06:00:00,20,9.39,32.88
2025-05-10 07:00:00,5,8.06,33.73
2025-05-10 07:00:00,10,7.98,33.76
2025-05-10 07:00:00,15,7.85,33.81
2025-05-10 07:00:00,20,7.79,33.83
2025-05-10 07:00:00,30,7.77,33.85
2025-05-10 07:00:00,40,7.72,33.88
2025-05-10 07:00:00,50,7.59,33.94
2025-05-10 08:00:00,5,9.18,33.06
2025-05-10 08:00:00,10,9.03,33.18
2025-05-10 08:00:00,15,8.99,33.22
2025-05-10 08:00:00,20,8.83,33.34
2025-05-10 08:00:00,30,8.32,33.63
2025-05-12 04:00:00,5,9.11,33.05
2025-05-12 04:00:00,10,8.76,33.29
2025-05-12 04:00:00,15,8.61,33.39
2025-05-12 04:00:00,20,8.60,33.42
2025-05-13 04:00:00,5,8.94,33.32
2025-05-13 04:00:00,10,8.85,33.36
2025-05-13 04:00:00,15,8.27,33.59
2025-05-15 06:00:00,5,9.37,33.09
2025-05-15 06:00:00,10,9.12,33.26
2025-05-15 06:00:00,15,8.61,33.58
2025-05-15 06:00:00,20,8.52,33.64
2025-05-17 06:00:00,5,9.69,33.16
2025-05-17 06:00:00,10,9.68,33.17
2025-05-17 06:00:00,15,9.64,33.22
2025-05-17 06:00:00,20,9.61,33.26
2025-05-19 07:00:00,5,9.93,33.36
2025-05-19 07:00:00,10,9.79,33.43
2025-05-19 07:00:00,15,9.74,33.47
2025-05-19 07:00:00,20,9.69,33.50
2025-05-20 04:00:00,5,9.69,33.56
2025-05-20 04:00:00,10,9.64,33.58
2025-05-20 04:00:00,15,9.50,33.64
2025-05-20 04:00:00,20,9.45,33.66
2025-05-21 06:00:00,5,10.42,33.46
2025-05-21 06:00:00,10,10.42,33.47
2025-05-21 06:00:00,15,10.41,33.47
2025-05-21 06:00:00,20,10.41,33.47
2025-05-22 04:00:00,5,10.62,33.35
2025-05-22 04:00:00,10,10.62,33.35
2025-05-22 04:00:00,15,10.62,33.35
2025-05-22 04:00:00,20,10.62,33.35
2025-05-23 04:00:00,5,10.45,33.44
2025-05-23 04:00:00,10,10.46,33.45
2025-05-23 04:00:00,15,10.46,33.45
2025-05-23 04:00:00,20,10.46,33.44
2025-05-24 04:00:00,5,11.21,32.99
2025-05-24 04:00:00,10,10.93,33.21
2025-05-24 04:00:00,15,10.61,33.40
2025-05-24 04:00:00,20,10.57,33.43
2025-06-02 04:00:00,5,9.19,33.79
2025-06-02 04:00:00,10,9.08,33.82
2025-06-02 04:00:00,15,9.01,33.82
2025-06-02 04:00:00,20,8.98,33.82
2025-06-03 09:00:00,5,10.72,33.68
2025-06-03 09:00:00,10,10.27,33.76
2025-06-03 09:00:00,15,10.12,33.78
2025-06-03 09:00:00,20,10.07,33.80
2025-06-07 04:00:00,5,11.52,33.53
2025-06-07 04:00:00,10,11.50,33.54
2025-06-07 04:00:00,15,11.47,33.57
2025-06-07 04:00:00,20,11.47,33.61
2025-06-09 04:00:00,5,11.88,33.54
2025-06-09 04:00:00,10,11.76,33.57
2025-06-09 04:00:00,15,11.46,33.64
2025-06-09 04:00:00,20,11.38,33.66
2025-06-10 04:00:00,5,12.01,33.60
2025-06-10 04:00:00,10,11.86,33.61
2025-06-10 04:00:00,15,11.68,33.65
2025-06-10 04:00:00,20,11.58,33.68
2025-06-10 05:00:00,5,11.02,33.72
2025-06-10 05:00:00,10,10.87,33.73
2025-06-10 05:00:00,15,10.78,33.74
2025-06-10 05:00:00,20,10.69,33.75
2025-06-10 05:00:00,30,10.55,33.78
2025-06-10 05:00:00,40,10.09,33.86
2025-06-13 04:00:00,5,11.24,33.68
2025-06-13 04:00:00,10,11.01,33.71
2025-06-13 04:00:00,15,10.96,33.73
2025-06-13 04:00:00,20,10.72,33.74
2025-06-16 04:00:00,5,12.91,33.56
2025-06-16 04:00:00,10,12.85,33.57
2025-06-16 04:00:00,15,12.73,33.60
2025-06-16 04:00:00,20,12.69,33.62
2025-06-17 04:00:00,5,13.09,33.54
2025-06-17 04:00:00,10,12.89,33.59
2025-06-17 04:00:00,15,12.77,33.65
2025-06-17 04:00:00,20,12.71,33.67
2025-06-18 04:00:00,5,12.96,33.64
2025-06-18 04:00:00,10,12.61,33.69
2025-06-18 04:00:00,15,12.45,33.71
2025-06-18 04:00:00,20,12.39,33.72
2025-06-25 04:00:00,5,15.74,33.43
2025-06-25 04:00:00,10,15.71,33.44
2025-06-25 04:00:00,15,15.56,33.48
2025-06-25 04:00:00,20,15.37,33.53
2025-06-26 04:00:00,5,16.04,33.34
2025-06-26 04:00:00,10,15.94,33.38
2025-06-26 04:00:00,15,15.79,33.46
2025-06-26 04:00:00,20,15.75,33.48
2025-06-27 04:00:00,5,16.04,33.35
2025-06-27 04:00:00,10,15.94,33.39
2025-06-27 04:00:00,15,15.92,33.39
2025-06-27 04:00:00,20,15.91,33.40
2025-06-28 04:00:00,5,15.25,33.55
2025-06-28 04:00:00,10,15.24,33.55
2025-06-28 04:00:00,15,15.24,33.55
2025-06-28 04:00:00,20,15.23,33.55
2025-06-30 04:00:00,5,15.79,33.62
2025-06-30 04:00:00,10,15.56,33.65
2025-06-30 04:00:00,15,15.42,33.66
2025-06-30 04:00:00,20,15.33,33.68
2025-07-01 04:00:00,5,16.69,33.49
2025-07-01 04:00:00,10,16.61,33.52
2025-07-01 04:00:00,15,16.27,33.57
2025-07-01 04:00:00,20,16.16,33.59
2025-07-02 09:00:00,5,15.79,33.61
2025-07-02 09:00:00,10,15.77,33.61
2025-07-02 09:00:00,15,15.61,33.63
2025-07-02 09:00:00,20,15.21,33.69
2025-07-03 09:00:00,5,16.30,33.57
2025-07-03 09:00:00,10,15.61,33.61
2025-07-03 09:00:00,15,14.71,33.72
2025-07-03 09:00:00,20,14.56,33.75
2025-07-05 10:00:00,5,16.29,33.68
2025-07-05 10:00:00,10,16.27,33.69
2025-07-05 10:00:00,15,16.29,33.68
2025-07-05 10:00:00,20,16.33,33.68
2025-07-07 04:00:00,5,17.55,33.47
2025-07-07 04:00:00,10,17.39,33.51
2025-07-07 04:00:00,15,16.07,33.64
2025-07-07 04:00:00,20,15.98,33.67
2025-07-08 04:00:00,5,17.86,33.59
2025-07-08 04:00:00,10,17.67,33.65
2025-07-08 04:00:00,15,17.14,33.72
2025-07-08 04:00:00,20,16.89,33.75
2025-07-09 04:00:00,5,18.30,33.59
2025-07-09 04:00:00,10,18.28,33.60
2025-07-09 04:00:00,15,18.22,33.62
2025-07-09 04:00:00,20,18.18,33.62
2025-07-10 04:00:00,5,17.73,33.64
2025-07-10 04:00:00,10,17.12,33.69
2025-07-10 04:00:00,15,17.09,33.69
2025-07-10 04:00:00,20,17.10,33.69
2025-07-12 04:00:00,5,14.71,33.81
2025-07-12 04:00:00,10,14.54,33.81
2025-07-12 04:00:00,15,14.48,33.81
2025-07-12 04:00:00,20,14.38,33.82
2025-07-12 04:00:00,30,14.20,33.82
2025-07-12 04:00:00,40,13.74,33.85
2025-07-12 05:00:00,5,16.01,33.75
2025-07-12 05:00:00,10,15.20,33.80
2025-07-12 05:00:00,15,14.76,33.80
2025-07-12 05:00:00,20,14.57,33.81
2025-07-12 05:00:00,30,13.08,33.85
2025-07-12 05:00:00,40,13.09,33.86
2025-07-12 10:00:00,5,15.38,33.80
2025-07-12 10:00:00,10,15.23,33.82
2025-07-14 04:00:00,5,18.00,33.74
2025-07-14 04:00:00,10,17.83,33.74
2025-07-14 04:00:00,15,17.75,33.74
2025-07-14 04:00:00,20,17.68,33.74
2025-07-16 04:00:00,5,17.21,33.79
2025-07-16 04:00:00,10,16.97,33.79
2025-07-16 04:00:00,15,16.73,33.82
2025-07-16 04:00:00,20,16.24,33.81
2025-07-17 04:00:00,5,16.87,33.83
2025-07-17 04:00:00,10,16.66,33.82
2025-07-17 04:00:00,15,16.58,33.83
2025-07-17 04:00:00,20,16.52,33.83
2025-07-18 04:00:00,5,18.85,33.74
2025-07-18 04:00:00,10,18.82,33.73
2025-07-18 04:00:00,15,18.78,33.73
2025-07-18 04:00:00,20,18.78,33.73
2025-07-19 04:00:00,5,19.53,33.61
2025-07-19 04:00:00,10,19.42,33.64
2025-07-19 04:00:00,15,19.39,33.65
2025-07-19 04:00:00,20,19.39,33.65
2025-07-25 04:00:00,5,21.36,33.44
2025-07-25 04:00:00,10,21.31,33.46
2025-07-25 04:00:00,15,21.07,33.49
2025-07-25 04:00:00,20,20.68,33.53
2025-07-26 04:00:00,5,21.49,33.55
2025-07-26 04:00:00,10,21.48,33.55
2025-07-26 04:00:00,15,21.46,33.55
2025-07-26 04:00:00,20,21.44,33.55
2025-07-28 11:00:00,5,20.98,33.67
2025-07-28 11:00:00,10,20.78,33.70
2025-07-28 11:00:00,15,20.18,33.74
2025-07-28 11:00:00,20,19.48,33.76
2025-07-28 11:00:00,30,19.01,33.78
2025-07-28 12:00:00,5,21.79,33.55
2025-07-28 12:00:00,10,21.49,33.59
2025-07-28 12:00:00,15,21.19,33.63
2025-07-28 12:00:00,20,20.85,33.65
2025-07-29 04:00:00,5,21.52,33.54
2025-07-29 04:00:00,10,20.83,33.65
2025-07-29 04:00:00,15,20.53,33.67
2025-07-29 04:00:00,20,20.27,33.68
2025-07-31 04:00:00,5,21.39,33.63
2025-07-31 04:00:00,10,20.59,33.66
2025-07-31 04:00:00,15,20.00,33.70
2025-07-31 04:00:00,20,19.14,33.73
2025-08-01 04:00:00,5,21.92,33.52
2025-08-01 04:00:00,10,21.78,33.53
2025-08-01 04:00:00,15,21.51,33.57
2025-08-01 04:00:00,20,20.90,33.64
2025-08-01 10:00:00,5,21.93,33.57
2025-08-01 10:00:00,10,21.67,33.59
2025-08-01 10:00:00,15,21.57,33.59
2025-08-01 10:00:00,20,21.55,33.59
2025-08-01 10:00:00,30,21.18,33.64
2025-08-02 04:00:00,5,22.34,33.61
2025-08-02 04:00:00,10,22.14,33.62
2025-08-02 04:00:00,15,22.04,33.63
2025-08-02 04:00:00,20,21.94,33.65
2025-08-02 05:00:00,5,22.39,33.61
2025-08-02 05:00:00,10,21.99,33.61
2025-08-02 05:00:00,15,20.43,33.69
2025-08-02 05:00:00,20,19.33,33.75
2025-08-02 05:00:00,30,19.27,33.76
2025-08-05 07:00:00,5,21.35,33.45
2025-08-05 07:00:00,10,21.29,33.53
2025-08-05 07:00:00,15,21.23,33.55
2025-08-05 08:00:00,5,21.73,33.59
2025-08-05 08:00:00,10,21.06,33.68
2025-08-05 08:00:00,15,20.34,33.68
2025-08-05 08:00:00,20,20.20,33.70
2025-08-05 08:00:00,30,18.18,33.77
2025-08-06 09:00:00,5,22.63,33.60
2025-08-06 09:00:00,10,22.22,33.61
2025-08-06 09:00:00,15,21.49,33.65
2025-08-06 09:00:00,20,20.59,33.68
2025-08-06 09:00:00,30,18.44,33.78
2025-08-06 10:00:00,5,22.18,33.54
2025-08-06 10:00:00,10,22.17,33.53
2025-08-06 10:00:00,15,22.16,33.53
2025-08-06 10:00:00,20,22.20,33.56
2025-08-07 04:00:00,5,22.25,33.64
2025-08-07 04:00:00,10,21.88,33.63
2025-08-07 04:00:00,15,21.85,33.61
2025-08-07 04:00:00,20,20.99,33.65
2025-08-07 05:00:00,5,21.57,33.69
2025-08-07 05:00:00,10,21.10,33.70
2025-08-07 05:00:00,15,20.80,33.71
2025-08-07 05:00:00,20,20.59,33.71
2025-08-07 05:00:00,30,19.95,33.69
2025-08-09 04:00:00,5,21.05,33.57
2025-08-09 04:00:00,10,20.73,33.63
2025-08-09 04:00:00,15,20.41,33.65
2025-08-09 04:00:00,20,19.54,33.66
2025-08-09 05:00:00,5,20.62,33.69
2025-08-09 05:00:00,10,19.87,33.70
2025-08-09 05:00:00,15,19.35,33.73
2025-08-09 05:00:00,20,18.26,33.77
2025-08-09 05:00:00,30,17.24,33.81
2025-08-10 10:00:00,5,20.91,33.72
2025-08-10 10:00:00,10,18.27,33.81
2025-08-10 10:00:00,15,16.01,33.88
2025-08-10 10:00:00,20,14.82,33.91
2025-08-10 10:00:00,30,13.55,33.95
2025-08-10 10:00:00,40,12.78,33.97
2025-08-10 11:00:00,5,21.46,33.69
2025-08-10 11:00:00,10,21.15,33.69
2025-08-10 11:00:00,15,19.99,33.75
2025-08-10 11:00:00,20,18.27,33.81
2025-08-10 11:00:00,30,15.65,33.91
2025-08-11 04:00:00,5,21.96,33.67
2025-08-11 04:00:00,10,21.39,33.68
2025-08-11 04:00:00,15,21.14,33.68
2025-08-11 04:00:00,20,20.53,33.74
2025-08-11 05:00:00,5,22.08,33.84
2025-08-11 05:00:00,10,20.58,33.74
2025-08-11 05:00:00,15,20.52,33.74
2025-08-11 05:00:00,20,20.44,33.74
2025-08-11 05:00:00,30,19.86,33.77
2025-08-12 04:00:00,5,22.67,33.54
2025-08-12 04:00:00,10,22.25,33.54
2025-08-12 04:00:00,15,22.05,33.55
2025-08-12 04:00:00,20,21.94,33.58
2025-08-12 05:00:00,5,23.88,33.74
2025-08-12 05:00:00,10,21.80,33.64
2025-08-12 05:00:00,15,21.53,33.64
2025-08-12 05:00:00,20,21.50,33.63
2025-08-12 05:00:00,30,21.45,33.63
2025-08-12 09:00:00,5,23.69,33.72
2025-08-12 09:00:00,10,23.00,33.64
2025-08-12 09:00:00,15,22.68,33.61
2025-08-12 09:00:00,20,22.27,33.61
2025-08-18 05:00:00,5,23.25,33.51
2025-08-18 05:00:00,10,23.16,33.49
2025-08-18 05:00:00,15,23.05,33.50
2025-08-18 05:00:00,20,22.88,33.54
2025-08-18 05:00:00,30,20.66,33.72
2025-08-19 04:00:00,5,23.33,33.46
2025-08-19 04:00:00,10,23.20,33.49
2025-08-19 04:00:00,15,23.06,33.49
2025-08-19 04:00:00,20,22.82,33.50
2025-08-19 05:00:00,5,23.02,33.39
2025-08-19 05:00:00,10,22.81,33.44
2025-08-19 05:00:00,15,22.49,33.50
2025-08-19 05:00:00,20,22.10,33.55
2025-08-19 05:00:00,30,18.26,33.85
2025-08-20 04:00:00,5,22.83,33.30
2025-08-20 04:00:00,10,22.50,33.42
2025-08-20 04:00:00,15,21.75,33.49
2025-08-20 04:00:00,20,21.37,33.51
2025-08-20 05:00:00,5,22.86,33.43
2025-08-20 05:00:00,10,22.21,33.51
2025-08-20 05:00:00,15,21.77,33.54
2025-08-20 05:00:00,20,21.39,33.58
2025-08-20 05:00:00,30,20.70,33.65
2025-08-21 04:00:00,5,22.53,33.39
2025-08-21 04:00:00,10,22.52,33.42
2025-08-21 04:00:00,15,22.50,33.44
2025-08-21 04:00:00,20,22.46,33.47
2025-08-21 05:00:00,5,22.72,33.56
2025-08-21 05:00:00,10,22.32,33.55
2025-08-21 05:00:00,15,22.15,33.55
2025-08-21 05:00:00,20,22.07,33.57
2025-08-21 05:00:00,30,21.44,33.64
2025-08-22 04:00:00,5,23.03,33.41
2025-08-22 04:00:00,10,22.75,33.46
2025-08-22 04:00:00,15,22.67,33.46
2025-08-22 04:00:00,20,22.42,33.46
2025-08-22 05:00:00,5,22.39,33.60
2025-08-22 05:00:00,10,22.36,33.59
2025-08-22 05:00:00,15,22.30,33.59
2025-08-22 05:00:00,20,22.12,33.60
2025-08-22 05:00:00,30,21.08,33.67
2025-08-25 04:00:00,5,22.64,33.31
2025-08-25 04:00:00,10,22.73,33.49
2025-08-25 04:00:00,15,22.67,33.51
2025-08-25 04:00:00,20,22.36,33.53
2025-08-25 05:00:00,5,23.73,33.51
2025-08-25 05:00:00,10,23.38,33.54
2025-08-25 05:00:00,15,22.78,33.55
2025-08-25 05:00:00,20,22.60,33.56
2025-08-25 05:00:00,30,21.85,33.61
2025-08-26 04:00:00,5,23.39,33.42
2025-08-26 04:00:00,10,23.36,33.43
2025-08-26 04:00:00,15,23.32,33.44
2025-08-26 04:00:00,20,23.32,33.47
2025-08-26 05:00:00,5,23.37,33.50
2025-08-26 05:00:00,10,22.97,33.52
2025-08-26 05:00:00,15,22.86,33.52
2025-08-26 05:00:00,20,22.70,33.54
2025-08-26 05:00:00,30,22.12,33.57
2025-08-29 05:00:00,5,23.78,33.51
2025-08-29 05:00:00,10,23.78,33.50
2025-08-29 05:00:00,15,23.38,33.54
2025-08-29 05:00:00,20,22.44,33.60
2025-08-29 05:00:00,30,21.66,33.63
2025-08-29 06:00:00,5,23.77,33.19
2025-08-29 06:00:00,10,23.79,33.20
2025-08-29 06:00:00,15,23.78,33.22
2025-08-29 06:00:00,20,23.85,33.39
2025-09-01 07:00:00,5,22.77,33.49
2025-09-01 07:00:00,10,22.32,33.53
2025-09-01 07:00:00,15,22.12,33.55
2025-09-01 07:00:00,20,21.98,33.55
2025-09-01 07:00:00,30,21.78,33.57
2025-09-01 08:00:00,5,22.35,33.44
2025-09-01 08:00:00,10,22.22,33.45
2025-09-01 08:00:00,15,22.13,33.46
2025-09-01 08:00:00,20,22.23,33.47
2025-09-01 10:00:00,5,22.29,33.48
2025-09-01 10:00:00,10,22.29,33.49
2025-09-01 10:00:00,15,22.29,33.49
2025-09-01 10:00:00,20,22.30,33.49
2025-09-03 05:00:00,5,22.50,33.45
2025-09-03 05:00:00,10,22.40,33.47
2025-09-03 05:00:00,15,22.15,33.49
2025-09-03 05:00:00,20,22.04,33.51
2025-09-03 05:00:00,30,21.03,33.65
2025-09-05 05:00:00,5,21.92,33.38
2025-09-05 05:00:00,10,21.80,33.44
2025-09-05 05:00:00,15,21.59,33.52
2025-09-05 05:00:00,20,21.38,33.57
2025-09-05 05:00:00,30,20.68,33.70
2025-09-06 05:00:00,5,22.53,33.52
2025-09-06 05:00:00,10,22.46,33.52
2025-09-06 05:00:00,15,22.47,33.53
2025-09-06 05:00:00,20,22.24,33.54
2025-09-06 05:00:00,30,21.97,33.54
2025-09-08 05:00:00,5,22.64,33.51
2025-09-08 05:00:00,10,22.67,33.51
2025-09-08 05:00:00,15,22.66,33.51
2025-09-08 05:00:00,20,22.61,33.54
2025-09-08 05:00:00,30,22.72,33.60
2025-09-09 05:00:00,5,23.05,33.52
2025-09-09 05:00:00,10,23.05,33.54
2025-09-09 05:00:00,15,23.01,33.55
2025-09-09 05:00:00,20,23.05,33.54
2025-09-09 05:00:00,30,23.20,33.58
2025-09-10 05:00:00,5,23.29,33.42
2025-09-10 05:00:00,10,23.29,33.42
2025-09-10 05:00:00,15,23.27,33.42
2025-09-10 05:00:00,20,23.31,33.44
2025-09-10 05:00:00,30,23.19,33.44
2025-09-10 05:00:00,40,23.03,33.50
2025-09-10 06:00:00,5,22.70,33.59
2025-09-10 06:00:00,10,22.70,33.57
2025-09-10 06:00:00,15,22.69,33.57
2025-09-10 06:00:00,20,22.70,33.57
2025-09-10 06:00:00,30,22.70,33.57
2025-09-10 06:00:00,40,22.61,33.58
2025-09-10 06:00:00,50,21.73,33.65
2025-09-11 05:00:00,5,23.35,33.15
2025-09-11 05:00:00,10,23.35,33.16
2025-09-11 05:00:00,15,23.35,33.18
2025-09-11 05:00:00,20,23.32,33.23
2025-09-11 05:00:00,30,23.28,33.35
2025-09-12 05:00:00,5,23.24,33.11
2025-09-12 05:00:00,10,23.25,33.11
2025-09-12 05:00:00,15,23.26,33.11
2025-09-12 05:00:00,20,23.25,33.13
2025-09-12 05:00:00,30,23.15,33.27
2025-09-13 04:00:00,5,22.75,33.34
2025-09-13 04:00:00,10,22.76,33.34
2025-09-13 04:00:00,15,22.76,33.34
2025-09-13 04:00:00,20,22.81,33.35
2025-09-13 05:00:00,5,22.71,33.33
2025-09-13 05:00:00,10,22.69,33.36
2025-09-13 05:00:00,15,22.41,33.44
2025-09-13 05:00:00,20,22.20,33.49
2025-09-13 05:00:00,30,21.19,33.66
2025-09-16 05:00:00,5,21.35,33.61
2025-09-16 05:00:00,10,21.23,33.64
2025-09-16 05:00:00,15,20.86,33.70
2025-09-16 05:00:00,20,20.54,33.76
2025-09-20 05:00:00,5,21.33,33.66
2025-09-20 05:00:00,10,21.08,33.76
2025-09-20 05:00:00,15,20.81,33.81
2025-09-20 05:00:00,20,20.73,33.81
2025-09-20 05:00:00,30,20.19,33.79
2025-09-23 05:00:00,5,20.96,33.74
2025-09-23 05:00:00,10,20.94,33.72
2025-09-23 05:00:00,15,20.93,33.74
2025-09-23 05:00:00,20,20.90,33.74
2025-09-25 05:00:00,5,20.13,33.74
2025-09-25 05:00:00,10,20.09,33.75
2025-09-25 05:00:00,15,19.83,33.76
2025-09-25 05:00:00,20,19.57,33.77
2025-09-26 05:00:00,5,20.23,33.67
2025-09-26 05:00:00,10,20.17,33.68
2025-09-26 05:00:00,15,20.16,33.69
2025-09-26 05:00:00,20,20.15,33.69
2025-09-27 05:00:00,5,21.10,33.58
2025-09-27 05:00:00,10,21.11,33.58
2025-09-27 05:00:00,15,21.11,33.58
2025-09-27 05:00:00,20,21.11,33.57
2025-09-29 05:00:00,5,20.89,33.50
2025-09-29 05:00:00,10,20.89,33.50
2025-09-29 05:00:00,15,20.90,33.50
2025-09-29 05:00:00,20,20.90,33.50
2025-09-30 05:00:00,5,20.91,33.54
2025-09-30 05:00:00,10,20.91,33.54
2025-09-30 05:00:00,15,20.80,33.57
2025-09-30 05:00:00,20,20.76,33.62
2025-09-30 05:00:00,30,18.02,33.86
2025-10-01 05:00:00,5,20.51,33.58
2025-10-01 05:00:00,10,20.48,33.62
2025-10-01 05:00:00,15,20.37,33.65
2025-10-01 05:00:00,20,20.24,33.71
2025-10-01 05:00:00,30,19.96,33.72
2025-10-02 08:00:00,5,19.77,33.70
2025-10-02 08:00:00,10,19.77,33.70
2025-10-02 08:00:00,15,19.76,33.70
2025-10-02 08:00:00,20,19.76,33.70
2025-10-02 08:00:00,30,18.83,33.78
2025-10-03 05:00:00,5,20.15,33.63
2025-10-03 05:00:00,10,20.00,33.66
2025-10-03 05:00:00,15,19.72,33.71
2025-10-03 05:00:00,20,19.46,33.74
2025-10-03 06:00:00,5,19.77,33.75
2025-10-03 06:00:00,10,19.13,33.78
2025-10-03 06:00:00,15,18.93,33.79
2025-10-03 06:00:00,20,18.87,33.79
2025-10-03 06:00:00,30,18.69,33.80
2025-10-04 05:00:00,5,19.96,33.62
2025-10-04 05:00:00,10,19.89,33.64
2025-10-04 05:00:00,15,19.18,33.72
2025-10-04 05:00:00,20,18.93,33.79
2025-10-07 05:00:00,5,20.24,33.73
2025-10-07 05:00:00,10,20.23,33.73
2025-10-07 05:00:00,15,20.00,33.73
2025-10-07 05:00:00,20,20.44,33.79
2025-10-07 06:00:00,5,20.50,33.80
2025-10-07 06:00:00,10,20.35,33.82
2025-10-07 06:00:00,15,20.13,33.83
2025-10-07 06:00:00,20,20.07,33.83
2025-10-07 06:00:00,30,19.49,33.82
2025-10-08 05:00:00,5,18.94,33.70
2025-10-08 05:00:00,10,18.66,33.70
2025-10-08 05:00:00,15,18.51,33.72
2025-10-08 05:00:00,20,18.31,33.77
2025-10-08 05:00:00,30,17.10,33.79
2025-10-08 07:00:00,5,19.74,33.75
2025-10-08 07:00:00,10,19.58,33.76
2025-10-08 07:00:00,15,19.46,33.77
2025-10-08 07:00:00,20,19.47,33.76
2025-10-14 09:00:00,5,12.54,33.54
2025-10-14 09:00:00,10,12.53,33.54
2025-10-14 09:00:00,15,12.50,33.53
2025-10-14 09:00:00,20,12.49,33.53
2025-10-16 05:00:00,5,12.25,33.62
2025-10-16 05:00:00,10,12.24,33.62
2025-10-16 05:00:00,15,12.23,33.62
2025-10-16 05:00:00,20,12.23,33.62
2025-10-16 05:00:00,30,12.31,33.63
2025-10-16 06:00:00,5,10.85,32.98
2025-10-16 06:00:00,10,11.43,33.50
2025-10-16 06:00:00,15,11.36,33.53
2025-10-16 06:00:00,20,11.07,33.55
2025-10-16 06:00:00,30,10.13,33.66
2025-10-16 06:00:00,40,9.00,33.76
2025-10-16 07:00:00,5,13.06,33.62
2025-10-16 07:00:00,10,12.89,33.63
2025-10-16 07:00:00,15,12.50,33.66
2025-10-16 07:00:00,20,12.09,33.69
2025-10-18 05:00:00,5,12.79,33.56
2025-10-18 05:00:00,10,13.04,33.67
2025-10-18 05:00:00,15,13.03,33.68
2025-10-18 05:00:00,20,12.71,33.64
2025-10-21 06:00:00,5,12.29,33.21
2025-10-21 06:00:00,10,12.30,33.23
2025-10-21 06:00:00,15,12.21,33.21
2025-10-21 06:00:00,20,12.18,33.19
2025-10-22 09:00:00,5,11.86,33.59
2025-10-22 09:00:00,10,11.86,33.61
2025-10-22 09:00:00,15,11.87,33.61
2025-10-22 09:00:00,20,11.87,33.59
2025-10-23 05:00:00,5,12.52,33.63
2025-10-23 05:00:00,10,11.71,33.73
2025-10-23 05:00:00,15,10.61,33.82
2025-10-23 05:00:00,20,10.55,33.83
2025-10-24 06:00:00,5,11.92,33.61
2025-10-24 06:00:00,10,11.92,33.61
2025-10-24 06:00:00,15,11.93,33.61
2025-10-24 06:00:00,20,11.92,33.59
2025-10-25 05:00:00,5,12.34,33.74
2025-10-25 05:00:00,10,12.33,33.74
2025-10-25 05:00:00,15,12.35,33.74
2025-10-25 05:00:00,20,12.35,33.74
2025-10-30 09:00:00,5,12.01,33.94
2025-10-30 09:00:00,10,11.97,33.93
2025-10-30 09:00:00,15,11.96,33.92
2025-10-30 09:00:00,20,11.95,33.93
2025-10-31 09:00:00,5,12.23,33.90
2025-10-31 09:00:00,10,12.23,33.90
2025-10-31 09:00:00,15,12.22,33.90
2025-10-31 09:00:00,20,12.22,33.90
2025-11-04 06:00:00,5,11.64,33.75
2025-11-04 06:00:00,10,11.65,33.75
2025-11-04 06:00:00,15,11.64,33.75
2025-11-04 06:00:00,20,11.63,33.75
2025-11-05 06:00:00,5,10.46,33.75
2025-11-05 06:00:00,10,10.47,33.77
2025-11-05 06:00:00,15,10.47,33.77
2025-11-05 06:00:00,20,10.48,33.77
2025-11-05 07:00:00,5,10.48,33.78
2025-11-05 07:00:00,10,10.48,33.78
2025-11-05 07:00:00,15,10.48,33.78
2025-11-06 06:00:00,5,10.93,33.78
2025-11-06 06:00:00,10,10.73,33.80
2025-11-06 06:00:00,15,10.52,33.81
2025-11-06 06:00:00,20,10.49,33.79
2025-11-10 06:00:00,5,6.73,33.54
2025-11-10 06:00:00,10,6.69,33.54
2025-11-10 06:00:00,15,6.69,33.54
2025-11-10 06:00:00,20,6.63,33.54
2025-11-10 06:00:00,30,6.62,33.53
2025-11-10 06:00:00,40,6.20,33.54
2025-11-10 07:00:00,5,7.59,33.60
2025-11-10 07:00:00,10,7.57,33.61
2025-11-10 07:00:00,15,7.53,33.61
2025-11-10 07:00:00,20,7.31,33.62
2025-11-13 06:00:00,5,6.79,33.38
2025-11-13 06:00:00,10,6.47,33.54
2025-11-13 06:00:00,15,5.68,33.49
2025-11-13 06:00:00,20,5.52,33.48
2025-11-15 06:00:00,5,6.01,33.28
2025-11-15 06:00:00,10,6.41,33.42
2025-11-15 06:00:00,15,6.43,33.42
2025-11-15 06:00:00,20,6.45,33.43
2025-11-20 08:00:00,5,6.50,33.12
2025-11-20 08:00:00,10,6.51,33.13
2025-11-20 08:00:00,15,6.53,33.14
2025-11-20 08:00:00,20,6.56,33.15
2025-11-27 07:00:00,5,8.64,33.78
2025-11-27 07:00:00,10,8.68,33.79
2025-11-27 07:00:00,15,8.68,33.79
2025-11-27 07:00:00,20,8.68,33.78
2026-04-25 07:00:00,5,7.42,33.28
2026-04-25 07:00:00,10,7.33,33.59
2026-04-25 07:00:00,15,7.32,33.61
2026-04-25 07:00:00,20,7.34,33.67
2026-04-26 04:00:00,5,7.63,33.44
2026-04-26 04:00:00,10,7.64,33.50
2026-04-26 04:00:00,15,7.64,33.50
2026-04-26 04:00:00,20,7.64,33.51
2026-04-27 04:00:00,5,7.86,33.57
2026-04-27 04:00:00,10,7.86,33.57
2026-04-27 04:00:00,15,7.86,33.57
2026-04-27 04:00:00,20,7.86,33.57
2026-04-29 04:00:00,5,7.27,33.63
2026-04-29 04:00:00,10,7.10,33.83
2026-04-29 04:00:00,15,7.10,33.87
2026-04-29 04:00:00,20,7.10,33.87
2026-05-01 04:00:00,5,8.24,33.65
2026-05-01 04:00:00,10,8.23,33.69
2026-05-01 04:00:00,15,8.19,33.71
2026-05-01 04:00:00,20,8.06,33.76
2026-05-08 04:00:00,5,8.14,33.69
2026-05-08 04:00:00,10,8.09,33.72
2026-05-08 04:00:00,15,7.98,33.78
2026-05-08 04:00:00,20,7.90,33.81
2026-05-13 05:00:00,5,8.50,33.79
2026-05-13 05:00:00,10,8.42,33.85
2026-05-13 05:00:00,15,8.39,33.87
2026-05-13 05:00:00,20,8.32,33.90
2026-05-13 05:00:00,30,8.31,33.91
2026-05-13 06:00:00,5,8.73,33.66
2026-05-13 06:00:00,10,8.70,33.68
2026-05-13 06:00:00,15,8.68,33.69
2026-05-13 06:00:00,20,8.75,33.66
2026-05-13 06:00:00,30,8.69,33.70
2026-05-13 06:00:00,40,8.40,33.87
2026-05-13 07:00:00,5,9.11,33.52
2026-05-13 07:00:00,10,9.09,33.53
2026-05-13 07:00:00,15,9.12,33.55
2026-05-13 07:00:00,20,8.94,33.57
2026-05-14 04:00:00,5,8.93,33.30
2026-05-14 04:00:00,10,8.95,33.37
2026-05-14 04:00:00,15,8.97,33.40
2026-05-14 04:00:00,20,8.96,33.42
2026-05-18 04:00:00,5,9.26,33.56
2026-05-18 04:00:00,10,9.21,33.65
2026-05-18 04:00:00,15,9.15,33.72
2026-05-18 04:00:00,20,9.10,33.76
2026-05-20 04:00:00,5,9.22,33.72
2026-05-20 04:00:00,10,9.22,33.72
2026-05-20 04:00:00,15,9.18,33.74
2026-05-20 04:00:00,20,9.12,33.80
2026-05-21 08:00:00,5,9.36,33.79
2026-05-21 08:00:00,10,9.36,33.79
2026-05-21 08:00:00,15,9.36,33.80
2026-05-21 08:00:00,20,9.36,33.79
2026-05-23 04:00:00,5,9.17,33.90
2026-05-23 04:00:00,10,9.17,33.91
2026-05-23 04:00:00,15,9.17,33.91
2026-05-23 04:00:00,20,9.17,33.91
2026-05-25 04:00:00,5,8.87,34.00
2026-05-25 04:00:00,10,8.88,34.00
2026-05-25 04:00:00,15,8.87,34.01
2026-05-25 04:00:00,20,8.87,34.01
2026-05-26 12:00:00,5,10.55,33.74
2026-05-26 12:00:00,10,10.42,33.77
2026-05-26 12:00:00,15,10.34,33.78
2026-05-26 12:00:00,20,10.33,33.78
2026-05-27 04:00:00,5,10.68,33.80
2026-05-27 04:00:00,10,10.68,33.80
2026-05-27 04:00:00,15,10.68,33.80
2026-05-27 04:00:00,20,10.67,33.79
2026-05-28 04:00:00,5,11.08,33.67
2026-05-28 04:00:00,10,11.06,33.67
2026-05-28 04:00:00,15,11.05,33.68
2026-05-28 04:00:00,20,11.04,33.68
2026-05-30 04:00:00,5,10.26,33.79
2026-05-30 04:00:00,10,10.27,33.79
2026-05-30 04:00:00,15,10.17,33.81
2026-05-30 04:00:00,20,9.93,33.87
2026-06-02 09:00:00,5,11.65,33.74
2026-06-02 09:00:00,10,11.57,33.75
2026-06-02 09:00:00,15,11.43,33.80
2026-06-02 09:00:00,20,11.37,33.82
2026-06-03 04:00:00,5,11.98,33.64
2026-06-03 04:00:00,10,11.86,33.69
2026-06-03 04:00:00,15,11.82,33.70
2026-06-03 04:00:00,20,11.81,33.70
2026-06-04 04:00:00,5,11.75,33.69
2026-06-04 04:00:00,10,11.71,33.72
2026-06-04 04:00:00,15,11.64,33.74
2026-06-04 04:00:00,20,11.61,33.75
2026-06-11 04:00:00,5,10.29,33.98
2026-06-11 04:00:00,10,10.27,33.98
2026-06-11 04:00:00,15,10.27,33.98
2026-06-11 04:00:00,20,10.24,33.98
2026-06-11 04:00:00,30,10.03,34.01
2026-06-11 04:00:00,40,9.86,34.02
2026-06-11 05:00:00,5,9.64,34.02
2026-06-11 05:00:00,10,9.65,34.02
2026-06-11 05:00:00,15,9.65,34.02
2026-06-11 05:00:00,20,9.63,34.02
2026-06-11 05:00:00,30,9.64,34.02
2026-06-11 05:00:00,40,9.64,34.02
2026-06-11 05:00:00,50,9.57,34.02
2026-06-11 10:00:00,5,11.64,33.80
2026-06-11 10:00:00,10,11.62,33.81
2026-06-11 10:00:00,15,11.63,33.80
2026-06-11 10:00:00,20,11.52,33.83
2026-06-12 10:00:00,5,11.53,33.86
2026-06-12 10:00:00,10,11.51,33.87
2026-06-12 10:00:00,15,11.50,33.87
2026-06-12 10:00:00,20,11.49,33.87
2026-06-13 04:00:00,5,11.63,33.82
2026-06-13 04:00:00,10,11.52,33.85
2026-06-13 04:00:00,15,11.43,33.86
2026-06-13 04:00:00,20,11.40,33.86
2026-06-15 04:00:00,5,12.24,33.81
2026-06-15 04:00:00,10,11.67,33.88
2026-06-15 04:00:00,15,11.59,33.89
2026-06-15 04:00:00,20,11.58,33.89
2026-06-16 04:00:00,5,11.61,33.87
2026-06-16 04:00:00,10,11.54,33.89
2026-06-16 04:00:00,15,11.50,33.89
2026-06-16 04:00:00,20,11.50,33.89
2026-06-17 04:00:00,5,11.71,33.89
2026-06-17 04:00:00,10,11.67,33.90
2026-06-17 04:00:00,15,11.67,33.90
2026-06-17 04:00:00,20,11.67,33.90
2026-06-18 04:00:00,5,12.84,33.88
2026-06-18 04:00:00,10,12.70,33.89
2026-06-18 04:00:00,15,12.48,33.89
2026-06-18 04:00:00,20,12.39,33.90
2026-06-24 10:00:00,5,12.91,33.99
2026-06-24 10:00:00,10,12.53,34.00
2026-06-24 10:00:00,15,12.47,33.98
2026-06-24 10:00:00,20,12.46,33.98
2026-06-25 04:00:00,5,12.54,33.90
2026-06-25 04:00:00,10,12.53,33.91
2026-06-25 04:00:00,15,12.48,33.91
2026-06-25 04:00:00,20,12.42,33.92
2026-06-26 04:00:00,5,13.47,33.84
2026-06-26 04:00:00,10,13.41,33.85
2026-06-26 04:00:00,15,13.02,33.89
2026-06-26 04:00:00,20,12.76,33.91
2026-06-29 04:00:00,5,13.94,33.84
2026-06-29 04:00:00,10,13.53,33.92
2026-06-29 04:00:00,15,13.35,33.93
2026-06-29 04:00:00,20,13.32,33.92
2026-06-30 04:00:00,5,14.15,33.85
2026-06-30 04:00:00,10,13.71,33.92
2026-06-30 04:00:00,15,13.21,33.95
2026-06-30 04:00:00,20,13.11,33.94
2026-07-01 04:00:00,5,13.89,33.69
2026-07-01 04:00:00,10,13.81,33.84
2026-07-01 04:00:00,15,13.77,33.85
2026-07-01 04:00:00,20,13.73,33.86
2026-07-02 04:00:00,5,14.07,33.84
2026-07-02 04:00:00,10,14.06,33.85
2026-07-02 04:00:00,15,14.04,33.85
2026-07-02 04:00:00,20,13.95,33.87
2026-07-03 04:00:00,5,14.61,33.84
2026-07-03 04:00:00,10,14.20,33.90
2026-07-03 04:00:00,15,13.45,33.95
2026-07-03 04:00:00,20,13.15,33.94
2026-07-04 04:00:00,5,13.73,33.95
2026-07-04 04:00:00,10,13.44,33.93
2026-07-04 04:00:00,15,13.28,33.94
2026-07-04 04:00:00,20,12.82,33.96
2026-07-06 08:00:00,5,15.95,33.84
2026-07-06 08:00:00,10,15.65,33.86
2026-07-06 08:00:00,15,15.55,33.86
2026-07-06 08:00:00,20,15.47,33.86
2026-07-07 04:00:00,5,16.97,33.89
2026-07-07 04:00:00,10,15.33,33.93
2026-07-07 04:00:00,15,14.84,33.92
2026-07-07 04:00:00,20,14.70,33.92
2026-07-08 04:00:00,5,17.31,33.92
2026-07-08 04:00:00,10,16.38,33.96
2026-07-08 04:00:00,15,16.01,33.92
2026-07-08 04:00:00,20,16.01,33.90
2026-07-09 04:00:00,5,17.75,34.12
2026-07-09 04:00:00,10,16.67,34.05
2026-07-09 04:00:00,15,16.23,34.00
2026-07-09 04:00:00,20,16.16,33.99
2026-07-10 04:00:00,5,17.19,34.04
2026-07-10 04:00:00,10,16.65,34.03
2026-07-10 04:00:00,15,15.84,34.01
2026-07-10 04:00:00,20,15.68,33.99
